Lab ID,Project,Site,Biota ID,Medium,QC type,Start date,Mass (g) (dry weight),% Lipid,Clothianidin ,ThiamethoxamD,Bifenthrin ,Desthiopro,Fluoxastrobin ,Ipconazole ,Metconazole ,Pentachloroanisole,Propiconazole,Pyraclostrobin ,Tebuconazole ,ppDDD  ,ppDDE ,ppDDT 
LS5942,AltEn tadpoles,D2,BT001,Tadpole,Environmental,11/7/2021,0.0454,NA,NA,8908.8,NA,109.2,NA,116.9,NA,NA,NA,NA,90.2,NA,NA,NA
LS5943,AltEn tadpoles,D2,BT002,Tadpole,Environmental,11/7/2021,0.0625,NA,NA,NA,NA,191.8,NA,85.7,NA,NA,NA,NA,71,NA,NA,NA
LS5944,AltEn tadpoles,D2,BT003,Tadpole,Environmental,11/7/2021,0.0724,NA,NA,39.8,5.5,151.4,NA,98.1,NA,NA,NA,NA,67.3,NA,NA,NA
LS5945,AltEn tadpoles,D2,BT004,Tadpole,Environmental,11/7/2021,0.0716,NA,NA,33.8,NA,157.1,NA,79.1,NA,NA,NA,NA,52.9,NA,NA,NA
LS5946,AltEn tadpoles,D2,BT005,Tadpole,Environmental,11/7/2021,0.0945,NA,NA,33.8,NA,123.9,2.8,110,NA,NA,NA,NA,74.6,NA,NA,NA
LS5947,AltEn tadpoles,D2,BT006,Tadpole,Environmental,11/7/2021,0.021,NA,NA,NA,NA,126.9,NA,108.6,NA,NA,NA,NA,77.1,NA,NA,NA
LS5948,AltEn tadpoles,D2,BT007,Tadpole,Environmental,11/7/2021,0.0924,NA,17.5,23.7,6.5,206.2,2.6,80.9,NA,NA,NA,NA,66.9,NA,NA,NA
LS5949,AltEn tadpoles,D2,BT008,Tadpole,Environmental,11/7/2021,0.1569,NA,17.9,18.6,7.6,200.8,2.8,71.2,NA,NA,NA,NA,65.2,NA,NA,NA
LS5950,AltEn tadpoles,D2,BT009,Tadpole,Environmental,11/7/2021,0.0739,NA,16.2,34.1,NA,189,NA,85.4,NA,NA,NA,NA,66.1,NA,NA,NA
LS5951,AltEn tadpoles,D2,BT010,Tadpole,Environmental,11/7/2021,0.056,NA,NA,43.4,NA,153.7,NA,100.4,NA,NA,NA,NA,64.8,NA,NA,NA
LS5952,AltEn tadpoles,D1,BT020,Tadpole,Environmental,11/7/2021,0.1065,NA,NA,NA,NA,93.9,NA,NA,NA,NA,NA,NA,NA,7.5,92,7.5
LS5953,AltEn tadpoles,D1,BT021,Tadpole,Environmental,11/7/2021,0.0846,NA,NA,NA,NA,85.4,NA,NA,NA,NA,NA,NA,NA,NA,73.3,9.5
LS5954,AltEn tadpoles,D1,BT022,Tadpole,Environmental,11/7/2021,0.0721,NA,NA,NA,NA,41.2,NA,NA,NA,NA,NA,NA,NA,NA,80.4,11.1
LS5955,AltEn tadpoles,D1,BT023,Tadpole,Environmental,11/7/2021,0.0739,NA,NA,NA,NA,45.5,NA,NA,NA,NA,NA,NA,NA,NA,83.9,13.5
LS5956,AltEn tadpoles,D1,BT024,Tadpole,Environmental,11/7/2021,0.0689,NA,NA,NA,NA,69,NA,NA,NA,NA,NA,NA,NA,NA,72.6,NA
LS5957,AltEn tadpoles,D1,BT025,Tadpole,Environmental,11/7/2021,0.0469,NA,NA,NA,NA,67.5,NA,NA,NA,NA,NA,NA,NA,NA,64,NA
LS5958,AltEn tadpoles,D1,BT026,Tadpole,Environmental,11/7/2021,0.0806,NA,NA,NA,NA,60.2,NA,NA,NA,NA,NA,NA,NA,NA,89.3,9.9
LS5959,AltEn tadpoles,D1,BT027,Tadpole,Environmental,11/7/2021,0.0548,NA,NA,NA,NA,58.5,NA,NA,NA,NA,NA,NA,NA,NA,142.3,21.9
LS5960,AltEn tadpoles,D1,BT028,Tadpole,Environmental,11/7/2021,0.1369,NA,NA,NA,NA,58.3,NA,NA,NA,NA,NA,NA,NA,8.8,89.1,5.8
LS5961,AltEn tadpoles,D1,BT029,Tadpole,Environmental,11/7/2021,0.1102,NA,NA,NA,NA,81.3,NA,NA,NA,NA,NA,NA,NA,5.4,78,7.3
LS5962,AltEn tadpoles,U2,BT040,Tadpole,Environmental,11/8/2021,0.0086,NA,NA,NA,NA,NA,NA,NA,NA,NA,NA,NA,NA,NA,NA,NA
LS5963,AltEn tadpoles,U2,BT041,Tadpole,Environmental,11/8/2021,0.0543,NA,NA,NA,NA,NA,NA,NA,NA,NA,NA,NA,NA,NA,NA,NA
LS5964,AltEn tadpoles,U2,BT042,Tadpole,Environmental,11/8/2021,0.019,NA,NA,NA,NA,NA,NA,NA,NA,NA,NA,NA,NA,NA,NA,NA
LS5965,AltEn tadpoles,U2,BT043,Tadpole,Environmental,11/8/2021,0.0604,NA,NA,NA,NA,NA,NA,NA,NA,NA,NA,NA,NA,NA,NA,NA
LS5966,AltEn tadpoles,U2,BT044,Tadpole,Environmental,11/8/2021,0.0554,NA,NA,NA,NA,NA,NA,NA,NA,NA,NA,NA,NA,NA,NA,NA
LS5967,AltEn tadpoles,U2,BT045,Tadpole,Environmental,11/8/2021,0.061,NA,NA,NA,NA,20.2,NA,NA,NA,NA,NA,NA,NA,NA,NA,NA
LS5968,AltEn tadpoles,U2,BT046,Tadpole,Environmental,11/8/2021,0.0824,NA,NA,NA,NA,NA,NA,NA,NA,NA,NA,NA,NA,NA,NA,NA
LS5969,AltEn tadpoles,U2,BT047,Tadpole,Environmental,11/8/2021,0.0821,NA,NA,NA,NA,NA,NA,NA,NA,NA,NA,NA,NA,NA,NA,NA
LS5970,AltEn tadpoles,U2,BT048,Tadpole,Environmental,11/8/2021,0.0794,NA,NA,NA,NA,NA,NA,NA,NA,NA,NA,NA,NA,NA,NA,NA
LS5971,AltEn tadpoles,U2,BT049,Tadpole,Environmental,11/8/2021,0.0796,NA,NA,NA,NA,NA,NA,NA,NA,NA,NA,NA,NA,NA,NA,NA
LS5972,AltEn tadpoles,U1,BT060,Tadpole,Environmental,11/8/2021,0.205,NA,NA,NA,NA,10.4,NA,NA,NA,6.8,NA,NA,NA,NA,NA,NA
LS5973,AltEn tadpoles,U1,BT061,Tadpole,Environmental,11/8/2021,0.2101,NA,NA,NA,NA,7.1,NA,NA,NA,2.9,NA,NA,NA,NA,NA,NA
LS5974,AltEn tadpoles,U1,BT062,Tadpole,Environmental,11/8/2021,0.2037,NA,NA,NA,NA,NA,NA,NA,NA,12.8,NA,NA,NA,NA,NA,NA
LS5975,AltEn tadpoles,U1,BT063,Tadpole,Environmental,11/8/2021,0.2065,NA,NA,NA,NA,7.1,NA,NA,NA,7.7,NA,NA,NA,NA,NA,NA
LS5976,AltEn tadpoles,U1,BT064,Tadpole,Environmental,11/8/2021,0.207,NA,NA,NA,NA,6.9,NA,NA,NA,4.8,NA,NA,NA,NA,NA,NA
LS5977,AltEn tadpoles,U1,BT065,Tadpole,Environmental,11/8/2021,0.2031,NA,NA,NA,NA,NA,NA,NA,NA,9.8,NA,NA,NA,NA,NA,NA
LS5978,AltEn tadpoles,U1,BT066,Tadpole,Environmental,11/8/2021,0.2093,NA,NA,NA,NA,NA,NA,NA,NA,8.6,NA,NA,NA,NA,NA,NA
LS5979,AltEn tadpoles,U1,BT067,Tadpole,Environmental,11/8/2021,0.2025,NA,NA,NA,NA,NA,NA,NA,NA,4.9,NA,NA,NA,NA,NA,NA
LS5980,AltEn tadpoles,U1,BT068,Tadpole,Environmental,11/8/2021,0.2037,NA,NA,NA,NA,NA,NA,NA,NA,9.8,NA,NA,NA,NA,NA,NA
LS5981,AltEn tadpoles,U1,BT069,Tadpole,Environmental,11/8/2021,0.2044,NA,NA,NA,NA,NA,NA,NA,NA,4.9,NA,NA,NA,NA,NA,NA
LS5982,AltEn tadpoles,U3,BT080,Tadpole,Environmental,11/8/2021,0.2085,NA,NA,NA,NA,21.7,NA,NA,10,NA,18.1,7.4,8.9,NA,NA,NA
LS5983,AltEn tadpoles,U3,BT081,Tadpole,Environmental,11/8/2021,0.2,NA,NA,NA,NA,33.3,NA,NA,7.9,NA,6.3,7.4,7.4,NA,NA,NA
LS5984,AltEn tadpoles,U3,BT082 (spreadsheet says BT083),Tadpole,Environmental,11/8/2021,0.2085,NA,NA,NA,NA,19.1,NA,NA,5.2,NA,7.2,4.4,6.7,NA,NA,NA
