"ID","Development_Treatment","Calan_Treatment","Pen","Initial_BW","Final_BW","Calving_Ease","Calf_Vigor","Sire","SEX","Final_Calf_BW"
600,"RANGE","DDG","4",947,1152,"1","1","2213","STR",1219
602,"stalks","CON","3",1004,1190,"2","1","1104","HFR",1329
604,"stalks","MET","4",1038,1188,"1","1","1104","HFR",1230
606,"stalks","CON","4",961,1009,"1","1","2213","HFR",1156
610,"RANGE","DDG","1",999,1151,"1","2","1616","STR",1270
611,"drylot","DDG","1",1020,1247,"1","1","2213","STR",1294
618,"stalks","DDG","3",1000,1229,"1","1","1104","STR",1349
620,"RANGE","MET","4",985,1198,"2","1","2213","STR",1357
622,"drylot","CON","1",1078,1216,"1","3","2213","STR",1229
634,"RANGE","MET","3",998,1218,"3","2","1104","STR",1294
637,"drylot","CON","4",956,1139,"1","1","1616","HFR",1087
638,"drylot","CON","2",911,1093,"2","1","2213","HFR",1295
640,"RANGE","MET","1",1002,1239,"1","1","1616","STR",1244
645,"drylot","MET","1",997,1222,"1","3","2213","HFR",1179
648,"RANGE","MET","2",974,1181,"1","1","1104","HFR",1038
650,"stalks","MET","3",1038,1187,"1","1","2213","HFR",1192
651,"drylot","DDG","2",1034,1242,"1","2","2213","STR",1356
652,"RANGE","CON","2",985,1133,"1","1","1104","STR",1237
653,"drylot","CON","4",1105,1216,"1","3","2213","HFR",1257
661,"stalks","MET","2",1010,1238,"1","1","2213","STR",1175
663,"stalks","CON","2",952,1026,"1","2","1104","HFR",1133
666,"stalks","DDG","2",974,1184,"1","1","1104","STR",1329
667,"drylot","MET","2",1035,1243,"1","1","2213","STR",1357
668,"RANGE","DDG","2",1052,1289,"1","3","1616","STR",1283
669,"drylot","DDG","4",988,1170,"1","3","1104","HFR",932
672,"drylot","DDG","3",1007,1147,"1","1","1616","HFR",1183
675,"RANGE","CON","3",962,1078,"1","1","1616","STR",1173
676,"RANGE","CON","4",944,1111,"1","1","1104","STR",1259
677,"RANGE","CON","1",981,1174,"1","1","1616","STR",1379
679,"drylot","CON","3",1067,1213,"1","1","2213","STR",1256
680,"drylot","MET","4",1064,1227,"1","3","1616","HFR",1137
682,"RANGE","MET","1",922,1144,"1","1","1616","HFR",1225
683,"stalks","MET","1",957,1155,"1","3","2213","HFR",1137
685,"stalks","DDG","1",991,1166,"1","1","2213","STR",1152
694,"stalks","DDG","4",961,1187,"1","1","1104","HFR",1283
695,"RANGE","DDG","2",957,1143,"1","3","1104","STR",1348
699,"drylot","MET","3",938,1129,"1","1","1616","HFR",1089
702,"DLHI","DDG","2",1047,1242,"1","1","1104","STR",1144
703,"RANGE","DDG","1",1026,1228,"1","1","2213","STR",1298
707,"DLHI","CON","2",1078,1190,"1","1","1104","STR",1373
709,"DLLO","CON","4",1116,1240,"1","1","2213","HFR",1240
710,"RANGE","DDG","3",979,1178,"1","1","1616","STR",1478
711,"DLLO","MET","1",963,1146,"1","1","1104","HFR",1294
723,"DLHI","CON","4",1003,1167,"1","1","1104","HFR",1346
725,"RANGE","CON","2",1008,1148,"2","1","1616","STR",1270
726,"DLHI","CON","1",1009,1095,"1","1","1616","HFR",1292
730,"DLLO","DDG","4",1010,1213,"1","1","1104","HFR",1502
731,"DLLO","DDG","3",1016,1212,"1","1","1616","STR",1283
738,"DLHI","DDG","1",1011,1229,"1","1","1104","STR",1365
747,"RANGE","MET","2",931,1139,"1","1","1104","STR",1379
752,"DLHI","MET","2",1001,1197,"1","1","1104","STR",1397
753,"DLLO","CON","1",1043,1223,"1","1","2213","HFR",1173
759,"DLLO","MET","4",936,1117,"1","1","2213","STR",1240
760,"RANGE","MET","4",932,1126,"1","1","1104","HFR",1171
761,"RANGE","CON","3",930,1108,"1","1","1104","HFR",1413
762,"DLLO","DDG","3",1085,1260,"1","1","1104","STR",1519
763,"RANGE","DDG","2",960,1141,"1","2","1616","HFR",1230
766,"DLHI","DDG","4",1031,1219,"1","1","2213","HFR",1262
767,"DLHI","MET","3",1012,1220,"3","1","2213","STR",1389
770,"DLLO","CON","4",1109,1238,"1","1","2213","STR",1400
774,"DLHI","CON","3",1098,1277,"1","1","1104","STR",1373
776,"DLLO","MET","2",1111,1331,"1","1","1104","STR",1411
777,"DLHI","MET","4",1209,1468,"1","1","2213","HFR",1195
782,"DLHI","CON","3",1042,1167,"2","3","1104","HFR",1408
786,"RANGE","DDG","4",984,1189,"1","1","1104","HFR",1302
788,"RANGE","MET","4",975,1193,"1","1","1104","STR",1370
789,"RANGE","MET","1",1061,1259,"1","1","2213","HFR",1227
790,"DLHI","MET","1",1077,1297,"2","1","1104","HFR",1316
791,"DLLO","MET","3",1027,1218,"1","1","1616","HFR",1135
792,"DLLO","CON","2",955,1071,"1","1","2213","HFR",1110
798,"DLLO","DDG","2",1033,1249,"1","1","1104","HFR",1268
800,"DLLO","MET","4",1040,1128,"1","2","4708","STR",1340
804,"DLLO","MET","2",1046,1144,"1","1","4705","HFR",1360
805,"DLLO","CON","1",1017,1171,"1","1","261","HFR",1352
806,"RANGE","MET","4",1013,1114,"1","1","4708","HFR",1187
809,"DLLO","DDG","2",1115,1180,"1","1","4708","HFR",1265
810,"DLHI","MET","3",1074,1224,"1","1","4708","STR",1271
812,"DLLO","CON","2",1048,1102,"1","1","4705","STR",1359
813,"DLHI","DDG","3",1036,1118,"1","1","4708","STR",1305
815,"DLLO","DDG","3",947,1152,"1","1","4705","STR",1294
817,"DLLO","DDG","1",996,1187,"1","1","4708","STR",1456
820,"DLHI","MET","4",1115,1116,"1","1","4708","STR",1619
822,"DLHI","DDG","1",1078,1123,"1","1","4705","HFR",1276
823,"DLLO","CON","3",974,1108,"1","1","4708","STR",1373
826,"RANGE","CON","3",1088,1099,"1","1","4708","STR",1483
836,"DLHI","DDG","2",1018,1117,"3","1","4708","STR",1662
841,"DLHI","DDG","4",1026,1113,"1","2","4705","HFR",1329
842,"DLHI","CON","3",1020,1104,"1","1","261","HFR",1273
843,"DLLO","DDG","4",1093,1135,"1","1","4705","STR",1363
848,"DLLO","DDG","1",1060,1123,"1","1","4708","HFR",971
854,"DLLO","CON","4",1072,1106,"1","2","4708","HFR",1208
855,"DLLO","MET","1",1082,1186,"1","1","261","HFR",1365
861,"DLHI","CON","4",1145,1073,"1","1","261","HFR",1246
863,"DLHI","CON","1",1061,1181,"1","1","4708","HFR",1533
869,"DLHI","MET","1",1093,1190,"1","1","4705","HFR",1365
877,"RANGE","DDG","2",1006,1033,"1","1","261","HFR",1189
878,"DLLO","DDG","3",1100,1129,"1","1","4705","HFR",1373
884,"DLHI","CON","2",1095,1142,"1","1","261","STR",1690
885,"RANGE","CON","2",1095,1160,"1","1","4708","STR",1452
898,"DLLO","CON","1",923,1176,"1","1","4708","HFR",1086
