Temperature,Site,Specices,Collection_date,Dev_stage,Mass (g) (dry weight),% Moisture,% Lipid, Acetochlor  , Atrazine , Azoxystrobin  , Clothianidin  , Carbendazim  , Cyfluthrin (all isomers) , Cyproconazole  , Bifenthrin  , Desthiopro , Dithiopyr  , Flufenacet  , Fluoxastrobin  , Fluxapyroxad  , Ipconazole  , Metolachlor (R and S) , Metconazole  , Pendimethalin  , Pentachloroanisole , Propiconazole , Pyraclostrobin  , Tebuconazole  , Penoxsulam  , ppDDD   , ppDDE  , ppDDT  , Tetraconazole  , Thiabendazole  , ThiamethoxamD 
21.01,Kpond,BullFrogTadpole,11/7/2021,ND,0.0454,78.7,, 0.1 , 0.1 , 0.1 , 0.1 , 0.1 , 0.1 , 0.1 , 0.1 , 23.3 , 0.1 , 0.1 , 0.1 , 0.1 , 24.9 , 0.1 , 0.1 , 0.1 , 0.1 , 0.1 , 0.1 , 19.2 , 0.1 , 0.1 , 0.1 , 0.1 , 0.1 , 0.1 ," 1,897.6 "
21.01,Kpond,BullFrogTadpole,11/7/2021,ND,0.0625,78.7,, 0.1 , 0.1 , 0.1 , 0.1 , 0.1 , 0.1 , 0.1 , 0.1 , 40.9 , 0.1 , 0.1 , 0.1 , 0.1 , 18.3 , 0.1 , 0.1 , 0.1 , 0.1 , 0.1 , 0.1 , 15.1 , 0.1 , 0.1 , 0.1 , 0.1 , 0.1 , 0.1 , 0.1 
21.01,Kpond,BullFrogTadpole,11/7/2021,ND,0.0724,78.7,, 0.1 , 0.1 , 0.1 , 0.1 , 0.1 , 0.1 , 0.1 , 1.2 , 32.2 , 0.1 , 0.1 , 0.1 , 0.1 , 20.9 , 0.1 , 0.1 , 0.1 , 0.1 , 0.1 , 0.1 , 14.3 , 0.1 , 0.1 , 0.1 , 0.1 , 0.1 , 0.1 , 8.5 
21.01,Kpond,BullFrogTadpole,11/7/2021,ND,0.0716,78.7,, 0.1 , 0.1 , 0.1 , 0.1 , 0.1 , 0.1 , 0.1 , 0.1 , 33.5 , 0.1 , 0.1 , 0.1 , 0.1 , 16.8 , 0.1 , 0.1 , 0.1 , 0.1 , 0.1 , 0.1 , 11.3 , 0.1 , 0.1 , 0.1 , 0.1 , 0.1 , 0.1 , 7.2 
21.01,Kpond,BullFrogTadpole,11/7/2021,ND,0.0945,78.7,, 0.1 , 0.1 , 0.1 , 0.1 , 0.1 , 0.1 , 0.1 , 0.1 , 26.4 , 0.1 , 0.1 , 0.1 , 0.1 , 23.4 , 0.1 , 0.1 , 0.1 , 0.1 , 0.1 , 0.1 , 15.9 , 0.1 , 0.1 , 0.1 , 0.1 , 0.1 , 0.1 , 7.2 
21.01,Kpond,BullFrogTadpole,11/7/2021,ND,0.021,78.7,, 0.1 , 0.1 , 0.1 , 0.1 , 0.1 , 0.1 , 0.1 , 0.1 , 27.0 , 0.1 , 0.1 , 0.6 , 0.1 , 23.1 , 0.1 , 0.1 , 0.1 , 0.1 , 0.1 , 0.1 , 16.4 , 0.1 , 0.1 , 0.1 , 0.1 , 0.1 , 0.1 , 0.1 
21.01,Kpond,BullFrogTadpole,11/7/2021,ND,0.0924,78.7,, 0.1 , 0.1 , 0.1 , 3.7 , 0.1 , 0.1 , 0.1 , 1.4 , 43.9 , 0.1 , 0.1 , 0.6 , 0.1 , 17.2 , 0.1 , 0.1 , 0.1 , 0.1 , 0.1 , 0.1 , 14.2 , 0.1 , 0.1 , 0.1 , 0.1 , 0.1 , 0.1 , 5.0 
21.01,Kpond,BullFrogTadpole,11/7/2021,ND,0.1569,78.7,, 0.1 , 0.1 , 0.1 , 3.8 , 0.1 , 0.1 , 0.1 , 1.6 , 42.8 , 0.1 , 0.1 , 0.6 , 0.1 , 15.2 , 0.1 , 0.1 , 0.1 , 0.1 , 0.1 , 0.1 , 13.9 , 0.1 , 0.1 , 0.1 , 0.1 , 0.1 , 0.1 , 4.0 
21.01,Kpond,BullFrogTadpole,11/7/2021,ND,0.0739,78.7,, 0.1 , 0.1 , 0.1 , 3.5 , 0.1 , 0.1 , 0.1 , 0.1 , 40.3 , 0.1 , 0.1 , 0.1 , 0.1 , 18.2 , 0.1 , 0.1 , 0.1 , 0.1 , 0.1 , 0.1 , 14.1 , 0.1 , 0.1 , 0.1 , 0.1 , 0.1 , 0.1 , 7.3 
21.01,Kpond,BullFrogTadpole,11/7/2021,ND,0.056,78.7,, 0.1 , 0.1 , 0.1 , 0.1 , 0.1 , 0.1 , 0.1 , 0.1 , 32.7 , 0.1 , 0.1 , 0.1 , 0.1 , 21.4 , 0.1 , 0.1 , 0.1 , 0.1 , 0.1 , 0.1 , 13.8 , 0.1 , 0.1 , 0.1 , 0.1 , 0.1 , 0.1 , 9.2 
21.01,Npond,BullFrogTadpole,11/7/2021,ND,0.1065,78.7,, 0.1 , 0.1 , 0.1 , 0.1 , 0.1 , 0.1 , 0.1 , 0.1 , 20.0 , 0.1 , 0.1 , 0.1 , 0.1 , 0.1 , 0.1 , 0.1 , 0.1 , 0.1 , 0.1 , 0.1 , 0.1 , 0.1 , 1.6 , 19.6 , 1.6 , 0.1 , 0.1 , 0.1 
21.01,Npond,BullFrogTadpole,11/7/2021,ND,0.0846,78.7,, 0.1 , 0.1 , 0.1 , 0.1 , 0.1 , 0.1 , 0.1 , 0.1 , 18.2 , 0.1 , 0.1 , 0.1 , 0.1 , 0.1 , 0.1 , 0.1 , 0.1 , 0.1 , 0.1 , 0.1 , 0.1 , 0.1 , 0.1 , 15.6 , 2.0 , 0.1 , 0.1 , 0.1 
21.01,Npond,BullFrogTadpole,11/7/2021,ND,0.0721,78.7,, 0.1 , 0.1 , 0.1 , 0.1 , 0.1 , 0.1 , 0.1 , 0.1 , 8.8 , 0.1 , 0.1 , 0.1 , 0.1 , 0.1 , 0.1 , 0.1 , 0.1 , 0.1 , 0.1 , 0.1 , 0.1 , 0.1 , 0.1 , 17.1 , 2.4 , 0.1 , 0.1 , 0.1 
21.01,Npond,BullFrogTadpole,11/7/2021,ND,0.0739,78.7,, 0.1 , 0.1 , 0.1 , 0.1 , 0.1 , 0.1 , 0.1 , 0.1 , 9.7 , 0.1 , 0.1 , 0.1 , 0.1 , 0.1 , 0.1 , 0.1 , 0.1 , 0.1 , 0.1 , 0.1 , 0.1 , 0.1 , 0.1 , 17.9 , 2.9 , 0.1 , 0.1 , 0.1 
21.01,Npond,BullFrogTadpole,11/7/2021,ND,0.0689,78.7,, 0.1 , 0.1 , 0.1 , 0.1 , 0.1 , 0.1 , 0.1 , 0.1 , 14.7 , 0.1 , 0.1 , 0.1 , 0.1 , 0.1 , 0.1 , 0.1 , 0.1 , 0.1 , 0.1 , 0.1 , 0.1 , 0.1 , 0.1 , 15.5 , 0.1 , 0.1 , 0.1 , 0.1 
21.01,Npond,BullFrogTadpole,11/7/2021,ND,0.0469,78.7,, 0.1 , 0.1 , 0.1 , 0.1 , 0.1 , 0.1 , 0.1 , 0.1 , 14.4 , 0.1 , 0.1 , 0.1 , 0.1 , 0.1 , 0.1 , 0.1 , 0.1 , 0.1 , 0.1 , 0.1 , 0.1 , 0.1 , 0.1 , 13.6 , 0.1 , 0.1 , 0.1 , 0.1 
21.01,Npond,BullFrogTadpole,11/7/2021,ND,0.0806,78.7,, 0.1 , 0.1 , 0.1 , 0.1 , 0.1 , 0.1 , 0.1 , 0.1 , 12.8 , 0.1 , 0.1 , 0.1 , 0.1 , 0.1 , 0.1 , 0.1 , 0.1 , 0.1 , 0.1 , 0.1 , 0.1 , 0.1 , 0.1 , 19.0 , 2.1 , 0.1 , 0.1 , 0.1 
21.01,Npond,BullFrogTadpole,11/7/2021,ND,0.0548,78.7,, 0.1 , 0.1 , 0.1 , 0.1 , 0.1 , 0.1 , 0.1 , 0.1 , 12.5 , 0.1 , 0.1 , 0.1 , 0.1 , 0.1 , 0.1 , 0.1 , 0.1 , 0.1 , 0.1 , 0.1 , 0.1 , 0.1 , 0.1 , 30.3 , 4.7 , 0.1 , 0.1 , 0.1 
21.01,Npond,BullFrogTadpole,11/7/2021,ND,0.1369,78.7,, 0.1 , 0.1 , 0.1 , 0.1 , 0.1 , 0.1 , 0.1 , 0.1 , 12.4 , 0.1 , 0.1 , 0.1 , 0.1 , 0.1 , 0.1 , 0.1 , 0.1 , 0.1 , 0.1 , 0.1 , 0.1 , 0.1 , 1.9 , 19.0 , 1.2 , 0.1 , 0.1 , 0.1 
21.01,Npond,BullFrogTadpole,11/7/2021,ND,0.1102,78.7,, 0.1 , 0.1 , 0.1 , 0.1 , 0.1 , 0.1 , 0.1 , 0.1 , 17.3 , 0.1 , 0.1 , 0.1 , 0.1 , 0.1 , 0.1 , 0.1 , 0.1 , 0.1 , 0.1 , 0.1 , 0.1 , 0.1 , 1.2 , 16.6 , 1.6 , 0.1 , 0.1 , 0.1 
23.13,Zpond,BullFrogTadpole,11/8/2021,ND,0.0086,78.7,, 0.1 , 0.1 , 0.1 , 0.1 , 0.1 , 0.1 , 0.1 , 0.1 , 0.1 , 0.1 , 0.1 , 0.1 , 0.1 , 0.1 , 0.1 , 0.1 , 0.1 , 0.1 , 0.1 , 0.1 , 0.1 , 0.1 , 0.1 , 0.1 , 0.1 , 0.1 , 0.1 , 0.1 
23.13,Zpond,BullFrogTadpole,11/8/2021,ND,0.0543,78.7,, 0.1 , 0.1 , 0.1 , 0.1 , 0.1 , 0.1 , 0.1 , 0.1 , 0.1 , 0.1 , 0.1 , 0.1 , 0.1 , 0.1 , 0.1 , 0.1 , 0.1 , 0.1 , 0.1 , 0.1 , 0.1 , 0.1 , 0.1 , 0.1 , 0.1 , 0.1 , 0.1 , 0.1 
23.13,Zpond,BullFrogTadpole,11/8/2021,ND,0.019,78.7,, 0.1 , 0.1 , 0.1 , 0.1 , 0.1 , 0.1 , 0.1 , 0.1 , 0.1 , 0.1 , 0.1 , 0.1 , 0.1 , 0.1 , 0.1 , 0.1 , 0.1 , 0.1 , 0.1 , 0.1 , 0.1 , 0.1 , 0.1 , 0.1 , 0.1 , 0.1 , 0.1 , 0.1 
23.13,Zpond,BullFrogTadpole,11/8/2021,ND,0.0604,78.7,, 0.1 , 0.1 , 0.1 , 0.1 , 0.1 , 0.1 , 0.1 , 0.1 , 0.1 , 0.1 , 0.1 , 0.1 , 0.1 , 0.1 , 0.1 , 0.1 , 0.1 , 0.1 , 0.1 , 0.1 , 0.1 , 0.1 , 0.1 , 0.1 , 0.1 , 0.1 , 0.1 , 0.1 
23.13,Zpond,BullFrogTadpole,11/8/2021,ND,0.0554,78.7,, 0.1 , 0.1 , 0.1 , 0.1 , 0.1 , 0.1 , 0.1 , 0.1 , 0.1 , 0.1 , 0.1 , 0.1 , 0.1 , 0.1 , 0.1 , 0.1 , 0.1 , 0.1 , 0.1 , 0.1 , 0.1 , 0.1 , 0.1 , 0.1 , 0.1 , 0.1 , 0.1 , 0.1 
23.13,Zpond,BullFrogTadpole,11/8/2021,ND,0.061,78.7,, 0.1 , 0.1 , 0.1 , 0.1 , 0.1 , 0.1 , 0.1 , 0.1 , 4.3 , 0.1 , 0.1 , 0.1 , 0.1 , 0.1 , 0.1 , 0.1 , 0.1 , 0.1 , 0.1 , 0.1 , 0.1 , 0.1 , 0.1 , 0.1 , 0.1 , 0.1 , 0.1 , 0.1 
23.13,Zpond,BullFrogTadpole,11/8/2021,ND,0.0824,78.7,, 0.1 , 0.1 , 0.1 , 0.1 , 0.1 , 0.1 , 0.1 , 0.1 , 0.1 , 0.1 , 0.1 , 0.1 , 0.1 , 0.1 , 0.1 , 0.1 , 0.1 , 0.1 , 0.1 , 0.1 , 0.1 , 0.1 , 0.1 , 0.1 , 0.1 , 0.1 , 0.1 , 0.1 
23.13,Zpond,BullFrogTadpole,11/8/2021,ND,0.0821,78.7,, 0.1 , 0.1 , 0.1 , 0.1 , 0.1 , 0.1 , 0.1 , 0.1 , 0.1 , 0.1 , 0.1 , 0.1 , 0.1 , 0.1 , 0.1 , 0.1 , 0.1 , 0.1 , 0.1 , 0.1 , 0.1 , 0.1 , 0.1 , 0.1 , 0.1 , 0.1 , 0.1 , 0.1 
23.13,Zpond,BullFrogTadpole,11/8/2021,ND,0.0794,78.7,, 0.1 , 0.1 , 0.1 , 0.1 , 0.1 , 0.1 , 0.1 , 0.1 , 0.1 , 0.1 , 0.1 , 0.1 , 0.1 , 0.1 , 0.1 , 0.1 , 0.1 , 0.1 , 0.1 , 0.1 , 0.1 , 0.1 , 0.1 , 0.1 , 0.1 , 0.1 , 0.1 , 0.1 
23.13,Zpond,BullFrogTadpole,11/8/2021,ND,0.0796,78.7,, 0.1 , 0.1 , 0.1 , 0.1 , 0.1 , 0.1 , 0.1 , 0.1 , 0.1 , 0.1 , 0.1 , 0.1 , 0.1 , 0.1 , 0.1 , 0.1 , 0.1 , 0.1 , 0.1 , 0.1 , 0.1 , 0.1 , 0.1 , 0.1 , 0.1 , 0.1 , 0.1 , 0.1 
23.13,Gpond,BullFrogTadpole,11/8/2021,ND,0.205,78.7,, 0.1 , 0.1 , 0.1 , 0.1 , 0.1 , 0.1 , 0.1 , 0.1 , 2.2 , 0.1 , 0.1 , 0.1 , 0.1 , 0.1 , 0.1 , 0.1 , 0.1 , 1.4 , 0.1 , 0.1 , 0.1 , 0.1 , 0.1 , 0.1 , 0.1 , 0.1 , 0.1 , 0.1 
23.13,Gpond,BullFrogTadpole,11/8/2021,ND,0.2101,78.7,, 0.1 , 0.1 , 0.1 , 0.1 , 0.1 , 0.1 , 0.1 , 0.1 , 1.5 , 0.1 , 0.1 , 0.1 , 0.1 , 0.1 , 0.1 , 0.1 , 0.1 , 0.6 , 0.1 , 0.1 , 0.1 , 0.1 , 0.1 , 0.1 , 0.1 , 0.1 , 0.1 , 0.1 
23.13,Gpond,BullFrogTadpole,11/8/2021,ND,0.2037,78.7,, 0.1 , 0.1 , 0.1 , 0.1 , 0.1 , 0.1 , 0.1 , 0.1 , 0.1 , 0.1 , 0.1 , 0.1 , 0.1 , 0.1 , 0.1 , 0.1 , 0.1 , 2.7 , 0.1 , 0.1 , 0.1 , 0.1 , 0.1 , 0.1 , 0.1 , 0.1 , 0.1 , 0.1 
23.13,Gpond,BullFrogTadpole,11/8/2021,ND,0.2065,78.7,, 0.1 , 0.1 , 0.1 , 0.1 , 0.1 , 0.1 , 0.1 , 0.1 , 1.5 , 0.1 , 0.1 , 0.1 , 0.1 , 0.1 , 0.1 , 0.1 , 0.1 , 1.6 , 0.1 , 0.1 , 0.1 , 0.1 , 0.1 , 0.1 , 0.1 , 0.1 , 0.1 , 0.1 
23.13,Gpond,BullFrogTadpole,11/8/2021,ND,0.207,78.7,, 0.1 , 0.1 , 0.1 , 0.1 , 0.1 , 0.1 , 0.1 , 0.1 , 1.5 , 0.1 , 0.1 , 0.1 , 0.1 , 0.1 , 0.1 , 0.1 , 0.1 , 1.0 , 0.1 , 0.1 , 0.1 , 0.1 , 0.1 , 0.1 , 0.1 , 0.1 , 0.1 , 0.1 
23.13,Gpond,BullFrogTadpole,11/8/2021,ND,0.2031,78.7,, 0.1 , 0.1 , 0.1 , 0.1 , 0.1 , 0.1 , 0.1 , 0.1 , 0.1 , 0.1 , 0.1 , 0.1 , 0.1 , 0.1 , 0.1 , 0.1 , 0.1 , 2.1 , 0.1 , 0.1 , 0.1 , 0.1 , 0.1 , 0.1 , 0.1 , 0.1 , 0.1 , 0.1 
23.13,Gpond,BullFrogTadpole,11/8/2021,ND,0.2093,78.7,, 0.1 , 0.1 , 0.1 , 0.1 , 0.1 , 0.1 , 0.1 , 0.1 , 0.1 , 0.1 , 0.1 , 0.1 , 0.1 , 0.1 , 0.1 , 0.1 , 0.1 , 1.8 , 0.1 , 0.1 , 0.1 , 0.1 , 0.1 , 0.1 , 0.1 , 0.1 , 0.1 , 0.1 
23.13,Gpond,BullFrogTadpole,11/8/2021,ND,0.2025,78.7,, 0.1 , 0.1 , 0.1 , 0.1 , 0.1 , 0.1 , 0.1 , 0.1 , 0.1 , 0.1 , 0.1 , 0.1 , 0.1 , 0.1 , 0.1 , 0.1 , 0.1 , 1.0 , 0.1 , 0.1 , 0.1 , 0.1 , 0.1 , 0.1 , 0.1 , 0.1 , 0.1 , 0.1 
23.13,Gpond,BullFrogTadpole,11/8/2021,ND,0.2037,78.7,, 0.1 , 0.1 , 0.1 , 0.1 , 0.1 , 0.1 , 0.1 , 0.1 , 0.1 , 0.1 , 0.1 , 0.1 , 0.1 , 0.1 , 0.1 , 0.1 , 0.1 , 2.1 , 0.1 , 0.1 , 0.1 , 0.1 , 0.1 , 0.1 , 0.1 , 0.1 , 0.1 , 0.1 
23.13,Gpond,BullFrogTadpole,11/8/2021,ND,0.2044,78.7,, 0.1 , 0.1 , 0.1 , 0.1 , 0.1 , 0.1 , 0.1 , 0.1 , 0.1 , 0.1 , 0.1 , 0.1 , 0.1 , 0.1 , 0.1 , 0.1 , 0.1 , 1.0 , 0.1 , 0.1 , 0.1 , 0.1 , 0.1 , 0.1 , 0.1 , 0.1 , 0.1 , 0.1 
23.13,Jcpond,BullFrogTadpole,11/8/2021,ND,0.2085,78.7,, 0.1 , 0.1 , 0.1 , 0.1 , 0.1 , 0.1 , 0.1 , 0.1 , 4.6 , 0.1 , 0.1 , 0.1 , 0.1 , 0.1 , 0.1 , 2.1 , 0.1 , 0.1 , 0.1 , 1.6 , 1.9 , 0.1 , 0.1 , 0.1 , 0.1 , 0.1 , 0.1 , 0.1 
23.13,Jcpond,BullFrogTadpole,11/8/2021,ND,0.2,78.7,, 0.1 , 0.1 , 0.1 , 0.1 , 0.1 , 0.1 , 0.1 , 0.1 , 7.1 , 0.1 , 0.1 , 0.1 , 0.1 , 0.1 , 0.1 , 1.7 , 0.1 , 0.1 , 0.1 , 1.6 , 1.6 , 0.1 , 0.1 , 0.1 , 0.1 , 0.1 , 0.1 , 0.1 
23.13,Jcpond,BullFrogTadpole,11/8/2021,ND,0.2085,78.7,, 0.1 , 0.1 , 0.1 , 0.1 , 0.1 , 0.1 , 0.1 , 0.1 , 4.1 , 0.1 , 0.1 , 0.1 , 0.1 , 0.1 , 0.1 , 1.1 , 0.1 , 0.1 , 0.1 , 0.9 , 1.4 , 0.1 , 0.1 , 0.1 , 0.1 , 0.1 , 0.1 , 0.1 
2.52,Kpond,BullFrogTadpole,11/2/2023, pre-25 ,0.1919,79.04,11.46, 11.6 , 0.1 , 0.1 , 0.1 , 0.1 , 0.1 , 0.1 , 0.1 , 3.1 , 0.1 , 0.1 , 0.1 , 0.1 , 5.2 , 0.1 , 0.1 , 0.1 , 0.1 , 0.3 , 0.1 , 4.9 , 0.1 , 0.1 , 0.1 , 0.1 , 0.1 , 0.1 , 0.1 
9.06,Npond,BullFrogTadpole,10/26/2023, pre-25 ,0.0792,86.8,13.89, 0.1 , 0.1 , 0.1 , 0.1 , 0.1 , 0.1 , 0.1 , 0.1 , 0.1 , 0.1 , 0.1 , 0.1 , 0.1 , 0.1 , 0.1 , 0.1 , 0.1 , 0.1 , 0.1 , 0.1 , 0.1 , 0.1 , 1.5 , 7.9 , 0.1 , 0.1 , 0.1 , 0.1 
9.06,Npond,BullFrogTadpole,10/26/2023, pre-25 ,0.1151,78.45,11.29, 0.1 , 0.1 , 0.1 , 0.1 , 0.1 , 0.1 , 0.1 , 0.1 , 3.9 , 0.1 , 0.1 , 0.1 , 0.1 , 0.1 , 0.1 , 0.1 , 0.1 , 0.1 , 0.1 , 0.1 , 0.1 , 0.1 , 1.9 , 13.4 , 0.1 , 0.1 , 0.1 , 0.1 
9.06,Npond,BullFrogTadpole,10/26/2023, pre-25 ,0.1464,77.85,16.39, 0.1 , 0.1 , 0.1 , 0.1 , 0.1 , 0.1 , 0.1 , 0.1 , 1.1 , 0.1 , 0.1 , 0.1 , 0.1 , 0.1 , 0.1 , 0.1 , 0.1 , 0.1 , 0.1 , 0.1 , 0.1 , 0.1 , 1.8 , 12.8 , 0.1 , 0.1 , 0.1 , 0.1 
9.97,NGpond_p2,BullFrogTadpole,11/16/2023,30,0.215,83.66,17.21, 0.1 , 0.1 , 0.1 , 0.1 , 0.1 , 0.1 , 0.1 , 0.1 , 0.2 , 0.1 , 0.1 , 0.1 , 0.1 , 0.7 , 0.1 , 0.1 , 0.1 , 0.1 , 0.5 , 0.1 , 0.8 , 0.1 , 0.1 , 0.1 , 0.1 , 0.1 , 0.3 , 0.1 
9.97,NGpond_p2,BullFrogTadpole,11/16/2023, P25 ,0.2009,78.79,5.97, 0.1 , 0.1 , 0.1 , 0.1 , 0.1 , 0.1 , 0.1 , 0.1 , 0.2 , 0.1 , 0.1 , 0.1 , 0.1 , 1.5 , 0.1 , 0.1 , 0.1 , 0.1 , 0.7 , 0.1 , 2.1 , 0.1 , 0.1 , 0.1 , 0.1 , 0.1 , 0.1 , 0.1 
9.97,NGpond_p2,BullFrogTadpole,11/16/2023, P25 ,0.185,76.94,6.49, 0.1 , 0.1 , 0.1 , 0.1 , 0.1 , 0.1 , 0.1 , 0.1 , 0.4 , 0.1 , 0.1 , 0.1 , 0.1 , 1.4 , 0.1 , 0.1 , 0.1 , 0.1 , 0.6 , 0.1 , 1.7 , 0.1 , 0.1 , 0.1 , 0.1 , 0.1 , 0.1 , 0.1 
9.97,NGpond_p2,BullFrogTadpole,11/16/2023, P25 ,0.2148,80,6.52, 0.1 , 0.1 , 0.1 , 0.1 , 0.1 , 0.1 , 0.1 , 0.1 , 0.2 , 0.1 , 0.1 , 0.1 , 0.1 , 0.8 , 0.1 , 0.1 , 0.1 , 0.1 , 0.4 , 0.1 , 1.1 , 0.1 , 0.1 , 0.1 , 0.1 , 0.1 , 0.1 , 0.1 
9.97,NGpond_p2,BullFrogTadpole,11/16/2023, P25 ,0.1098,74.81,7.29, 0.1 , 0.1 , 0.1 , 0.1 , 0.1 , 0.1 , 0.1 , 0.1 , 0.1 , 0.1 , 0.1 , 0.1 , 0.1 , 1.0 , 0.1 , 0.1 , 0.1 , 0.1 , 0.5 , 0.1 , 0.7 , 0.1 , 0.1 , 0.1 , 0.1 , 0.1 , 0.1 , 0.1 
2.52,Kpond,BullFrogTadpole,11/2/2023, pre-25 ,0.2254,78.13,11.54, 3.0 , 0.1 , 0.1 , 0.1 , 0.1 , 0.1 , 0.3 , 0.1 , 3.0 , 0.1 , 0.1 , 0.1 , 0.1 , 13.1 , 0.1 , 0.1 , 0.1 , 0.1 , 0.6 , 0.1 , 11.0 , 0.1 , 0.1 , 0.1 , 0.1 , 0.2 , 1.3 , 0.1 
2.52,Kpond,BullFrogTadpole,11/2/2023,36,0.2067,77.81,14.03, 29.1 , 0.1 , 0.1 , 0.1 , 0.1 , 0.1 , 0.1 , 0.1 , 2.2 , 0.1 , 0.1 , 0.1 , 0.1 , 13.7 , 0.1 , 0.1 , 0.1 , 0.1 , 0.6 , 0.1 , 6.6 , 0.1 , 0.1 , 0.1 , 0.1 , 0.1 , 1.7 , 0.1 
2.52,Kpond,BullFrogTadpole,11/2/2023, pre-25 ,0.2019,65.22,4.95, 3.2 , 0.1 , 0.1 , 0.1 , 0.1 , 0.1 , 0.1 , 0.1 , 1.3 , 0.1 , 0.1 , 0.1 , 0.1 , 3.1 , 0.1 , 0.1 , 0.1 , 0.1 , 0.1 , 0.1 , 2.8 , 0.1 , 0.1 , 0.1 , 0.1 , 0.1 , 0.7 , 0.1 
2.52,Kpond,BullFrogTadpole,11/2/2023,39,0.2133,79.33,13.6, 2.1 , 0.1 , 0.1 , 0.1 , 0.1 , 0.1 , 0.5 , 0.1 , 6.3 , 0.1 , 0.1 , 0.1 , 0.1 , 13.4 , 0.1 , 0.1 , 0.1 , 0.1 , 0.9 , 0.1 , 10.0 , 0.1 , 0.1 , 0.1 , 0.1 , 0.7 , 4.1 , 0.1 
2.52,Kpond,BullFrogTadpole,11/2/2023,41,0.1857,80.12,7.54, 1.1 , 0.1 , 0.1 , 0.1 , 0.1 , 0.1 , 0.1 , 0.1 , 0.4 , 0.1 , 0.1 , 0.1 , 0.1 , 1.1 , 0.1 , 0.1 , 0.1 , 0.1 , 0.1 , 0.1 , 1.3 , 0.1 , 0.1 , 0.1 , 0.1 , 0.1 , 0.9 , 0.1 
2.52,Kpond,BullFrogTadpole,11/2/2023,37,0.2282,79.93,16.65, 3.2 , 0.1 , 0.1 , 0.1 , 0.1 , 0.1 , 0.2 , 0.1 , 2.5 , 0.1 , 0.1 , 0.1 , 0.1 , 8.1 , 0.1 , 0.1 , 0.1 , 0.1 , 0.3 , 0.1 , 5.5 , 0.1 , 0.1 , 0.1 , 0.1 , 0.2 , 4.3 , 0.1 
2.52,Kpond,BullFrogTadpole,11/2/2023,33,0.2102,79.62,12.37, 3.1 , 0.1 , 0.1 , 0.1 , 0.1 , 0.1 , 0.3 , 0.1 , 3.7 , 0.1 , 0.1 , 0.1 , 0.1 , 13.5 , 0.1 , 0.1 , 0.1 , 0.1 , 0.7 , 0.1 , 12.2 , 0.1 , 0.1 , 0.1 , 0.1 , 0.2 , 2.3 , 0.1 
7.91,Npond,BullFrogTadpole,11/15/2023,35,0.201,79.2,10.95, 0.1 , 0.1 , 0.1 , 0.1 , 0.1 , 0.1 , 0.1 , 0.1 , 0.1 , 0.1 , 0.1 , 0.1 , 0.1 , 0.1 , 0.1 , 0.1 , 0.1 , 0.1 , 0.1 , 0.1 , 0.1 , 0.1 , 2.2 , 11.1 , 0.1 , 0.1 , 0.1 , 0.1 
7.91,Npond,BullFrogTadpole,11/15/2023,36,0.2009,68.19,8.96, 0.1 , 0.1 , 0.1 , 0.1 , 0.1 , 0.1 , 0.1 , 0.1 , 0.1 , 0.1 , 0.1 , 0.1 , 0.1 , 0.1 , 0.1 , 0.1 , 0.1 , 0.1 , 0.1 , 0.1 , 0.1 , 0.1 , 1.3 , 8.4 , 0.1 , 0.1 , 0.1 , 0.1 
7.91,Npond,BullFrogTadpole,11/15/2023,33,0.2005,81.62,11.47, 0.1 , 0.1 , 0.1 , 0.1 , 0.1 , 0.1 , 0.1 , 0.1 , 1.5 , 0.1 , 0.1 , 0.1 , 0.1 , 0.1 , 0.1 , 0.1 , 0.1 , 0.1 , 0.3 , 0.1 , 0.1 , 0.1 , 0.9 , 5.5 , 0.1 , 0.2 , 0.1 , 0.1 
7.91,Npond,BullFrogTadpole,11/15/2023,34,0.2007,74.15,14.45, 0.1 , 0.1 , 0.1 , 0.1 , 0.1 , 0.1 , 0.1 , 0.1 , 0.1 , 0.1 , 0.1 , 0.1 , 0.1 , 0.1 , 0.1 , 0.1 , 0.1 , 0.1 , 0.1 , 0.1 , 0.1 , 0.1 , 1.5 , 10.7 , 0.1 , 0.1 , 0.1 , 0.1 
7.91,Npond,BullFrogTadpole,11/15/2023,37,0.2011,78.05,15.91, 0.1 , 0.1 , 0.1 , 0.1 , 0.1 , 0.1 , 0.1 , 0.1 , 0.4 , 0.1 , 0.1 , 0.1 , 0.1 , 0.1 , 0.1 , 0.1 , 0.1 , 0.1 , 0.1 , 0.1 , 0.1 , 0.1 , 2.6 , 15.3 , 0.1 , 0.4 , 0.1 , 0.1 
9.06,Npond,BullFrogTadpole,10/26/2023, pre-25 ,0.192,75.31,12.5, 0.1 , 0.1 , 0.1 , 0.1 , 0.1 , 0.1 , 0.1 , 0.1 , 0.4 , 0.1 , 0.1 , 0.1 , 0.1 , 0.1 , 0.1 , 0.1 , 0.1 , 0.1 , 0.1 , 0.1 , 0.1 , 0.1 , 1.1 , 7.0 , 0.1 , 0.1 , 0.1 , 0.1 
9.06,Npond,BullFrogTadpole,10/26/2023, pre-25 ,0.206,72.68,16.02, 0.1 , 0.1 , 0.1 , 0.1 , 0.1 , 0.1 , 0.1 , 0.1 , 1.3 , 0.1 , 0.1 , 0.1 , 0.1 , 0.1 , 0.1 , 0.1 , 0.1 , 0.1 , 0.1 , 0.1 , 0.1 , 0.1 , 1.4 , 9.2 , 0.1 , 0.4 , 0.1 , 0.1 
7.91,Npond,BullFrogTadpole,11/15/2023,37,0.2181,78.24,8.25, 0.1 , 0.1 , 0.1 , 0.1 , 0.1 , 0.1 , 0.1 , 0.1 , 0.1 , 0.1 , 0.1 , 0.1 , 0.1 , 0.1 , 0.1 , 0.1 , 0.1 , 0.1 , 0.1 , 0.1 , 0.1 , 0.1 , 1.4 , 7.8 , 0.1 , 0.1 , 0.1 , 0.1 
9.97,NGpond_p1,BullFrogTadpole,11/16/2023,37,0.2182,78.89,8.25, 0.1 , 0.1 , 0.1 , 0.1 , 0.1 , 0.1 , 0.1 , 0.1 , 0.3 , 0.1 , 0.1 , 0.1 , 0.1 , 1.0 , 0.1 , 0.1 , 0.1 , 0.1 , 0.5 , 0.1 , 0.1 , 0.1 , 0.1 , 0.1 , 0.1 , 0.4 , 0.8 , 0.1 
9.97,NGpond_p1,BullFrogTadpole,11/16/2023,37,0.2134,83.03,7.97, 0.1 , 0.1 , 0.1 , 0.1 , 0.1 , 0.1 , 0.1 , 0.1 , 0.3 , 0.1 , 0.1 , 0.1 , 0.1 , 0.4 , 0.1 , 0.1 , 0.1 , 0.1 , 0.5 , 0.1 , 0.1 , 0.1 , 0.1 , 0.1 , 0.1 , 0.1 , 0.1 , 0.1 
9.97,NGpond_p1,BullFrogTadpole,11/16/2023,37,0.2179,82.24,9.18, 0.1 , 0.1 , 0.1 , 0.1 , 0.1 , 0.1 , 0.1 , 0.4 , 0.1 , 0.1 , 0.1 , 0.1 , 0.1 , 0.3 , 0.1 , 0.1 , 0.1 , 0.1 , 0.2 , 0.1 , 0.1 , 0.1 , 0.1 , 0.1 , 0.1 , 0.1 , 0.6 , 0.1 
9.97,NGpond_p1,BullFrogTadpole,11/16/2023,37,0.2048,79.41,10.25, 0.1 , 0.1 , 0.1 , 0.1 , 0.1 , 0.1 , 0.1 , 0.6 , 0.1 , 0.1 , 0.1 , 0.1 , 0.1 , 0.3 , 0.1 , 0.1 , 0.1 , 0.1 , 0.3 , 0.1 , 0.1 , 0.1 , 0.1 , 0.1 , 0.1 , 0.1 , 0.3 , 0.1 
9.97,NGpond_p1,BullFrogTadpole,11/16/2023,36,0.2061,76.22,5.82, 0.1 , 0.1 , 0.1 , 0.1 , 0.1 , 0.1 , 0.1 , 0.1 , 0.1 , 0.1 , 0.1 , 0.1 , 0.1 , 0.1 , 0.1 , 0.1 , 0.1 , 0.1 , 0.1 , 0.1 , 0.1 , 0.1 , 0.1 , 0.1 , 0.1 , 0.1 , 0.1 , 0.1 
9.97,NGpond_p1,BullFrogTadpole,11/16/2023,37,0.2236,83.09,13.86, 0.1 , 0.1 , 0.1 , 0.1 , 0.1 , 0.1 , 0.1 , 0.6 , 0.1 , 0.1 , 0.1 , 0.1 , 0.1 , 0.1 , 0.1 , 0.1 , 0.1 , 0.1 , 0.1 , 0.1 , 0.1 , 0.1 , 0.1 , 0.3 , 0.1 , 0.1 , 0.8 , 0.1 
9.97,NGpond_p1,BullFrogTadpole,11/16/2023,33,0.2107,83.29,7.59, 0.1 , 0.1 , 0.1 , 0.1 , 0.1 , 0.1 , 0.1 , 0.1 , 0.1 , 0.1 , 0.1 , 0.1 , 0.1 , 0.1 , 0.1 , 0.1 , 0.1 , 0.1 , 0.3 , 0.1 , 0.1 , 0.1 , 0.1 , 0.1 , 0.1 , 0.1 , 1.7 , 0.1 
9.97,NGpond_p1,BullFrogTadpole,11/16/2023,37,0.1961,81.5,8.67, 0.1 , 0.1 , 1.4 , 0.1 , 0.1 , 0.1 , 0.1 , 0.1 , 0.1 , 0.1 , 0.1 , 0.1 , 0.1 , 0.4 , 0.1 , 0.1 , 0.1 , 0.1 , 0.6 , 0.1 , 0.1 , 0.1 , 0.1 , 0.1 , 0.1 , 0.1 , 0.1 , 0.1 
9.97,NGpond_p1,BullFrogTadpole,11/16/2023,38,0.2031,83.98,14.28, 0.1 , 0.1 , 0.1 , 0.1 , 0.1 , 0.1 , 0.1 , 0.4 , 0.1 , 0.1 , 0.1 , 0.1 , 0.1 , 0.1 , 0.1 , 0.1 , 0.1 , 0.1 , 0.4 , 0.1 , 0.1 , 0.1 , 0.1 , 0.2 , 0.1 , 0.1 , 1.5 , 0.1 
9.97,NGpond_p1,BullFrogTadpole,11/16/2023,38,0.2219,80.46,14.87, 0.1 , 0.1 , 0.1 , 0.1 , 0.1 , 0.1 , 0.1 , 0.1 , 0.1 , 0.1 , 0.1 , 0.1 , 0.1 , 0.6 , 0.1 , 0.1 , 0.1 , 0.1 , 0.6 , 0.1 , 0.1 , 0.1 , 0.1 , 0.4 , 0.1 , 0.1 , 0.1 , 0.1 
19.01,NGpond,BullFrogTadpole,5/29/2024,37,0.2126,83.52,7.06, 0.1 , 0.1 , 0.1 , 0.1 , 0.1 , 0.1 , 0.1 , 0.6 , 0.3 , 0.1 , 0.1 , 0.1 , 0.1 , 0.1 , 0.1 , 0.1 , 0.1 , 0.1 , 0.6 , 0.1 , 0.1 , 0.1 , 0.1 , 0.1 , 0.1 , 0.1 , 0.4 , 0.1 
19.01,NGpond,BullFrogTadpole,5/29/2024,37,0.183,80.95,11.48, 0.1 , 0.1 , 0.1 , 0.1 , 0.1 , 0.1 , 0.1 , 0.5 , 0.5 , 0.1 , 0.1 , 0.1 , 0.1 , 0.1 , 0.6 , 0.1 , 0.1 , 0.1 , 0.7 , 0.1 , 0.1 , 0.1 , 0.1 , 0.1 , 0.1 , 0.1 , 0.3 , 0.1 
19.01,NGpond,BullFrogTadpole,5/29/2024,38,0.2071,81.92,9.17, 0.1 , 0.1 , 0.1 , 0.1 , 0.1 , 0.1 , 0.1 , 0.4 , 0.4 , 0.1 , 0.1 , 0.1 , 0.1 , 0.1 , 0.2 , 0.1 , 0.1 , 0.1 , 0.4 , 0.1 , 0.1 , 0.1 , 0.1 , 0.1 , 0.1 , 0.1 , 0.3 , 0.1 
19.01,NGpond,BullFrogTadpole,5/29/2024,37,0.2085,78.27,9.59, 0.1 , 0.1 , 0.1 , 0.1 , 0.1 , 0.1 , 0.1 , 0.5 , 0.1 , 0.1 , 0.1 , 0.1 , 0.1 , 0.1 , 0.5 , 0.1 , 0.1 , 0.1 , 0.4 , 0.1 , 0.1 , 0.1 , 0.1 , 0.1 , 0.1 , 0.1 , 0.4 , 0.1 
19.01,NGpond,BullFrogTadpole,5/29/2024,37,0.2207,81.15,7.7, 0.1 , 0.1 , 0.1 , 0.1 , 0.1 , 0.1 , 0.1 , 0.4 , 0.2 , 0.1 , 0.1 , 0.1 , 0.1 , 0.1 , 0.5 , 0.1 , 0.1 , 0.1 , 0.5 , 0.1 , 0.1 , 0.1 , 0.1 , 0.1 , 0.1 , 0.1 , 0.1 , 0.1 
19.01,NGpond,BullFrogTadpole,5/29/2024,P27,0.2091,79.33,1.91, 0.1 , 0.1 , 0.1 , 0.1 , 0.1 , 0.1 , 0.1 , 0.4 , 0.4 , 0.1 , 0.1 , 0.1 , 0.1 , 0.1 , 0.1 , 0.1 , 0.1 , 0.1 , 0.6 , 0.1 , 0.1 , 0.1 , 0.1 , 0.1 , 0.1 , 0.1 , 0.4 , 0.1 
19.01,NGpond,BullFrogTadpole,5/29/2024,35,0.2118,78.58,8.5, 0.1 , 0.1 , 0.1 , 0.1 , 0.1 , 0.1 , 0.1 , 0.7 , 0.5 , 0.1 , 0.1 , 0.1 , 0.1 , 0.1 , 0.7 , 0.1 , 0.1 , 0.1 , 0.8 , 0.1 , 0.1 , 0.1 , 0.1 , 0.1 , 0.1 , 0.1 , 1.0 , 0.1 
19.01,NGpond,BullFrogTadpole,5/29/2024,37,0.2022,79.38,7.42, 0.1 , 0.1 , 0.1 , 0.1 , 0.1 , 0.1 , 0.1 , 1.0 , 0.1 , 0.1 , 0.1 , 0.1 , 0.1 , 0.1 , 0.8 , 0.1 , 0.1 , 0.1 , 0.5 , 0.1 , 0.1 , 0.1 , 0.1 , 0.1 , 0.1 , 0.1 , 0.4 , 0.1 
19.01,NGpond,BullFrogTadpole,5/29/2024,35,0.22,80.33,9.55, 0.1 , 0.1 , 0.1 , 0.1 , 0.1 , 0.1 , 0.1 , 0.4 , 0.1 , 0.1 , 0.1 , 0.1 , 0.1 , 0.1 , 0.3 , 0.1 , 0.1 , 0.1 , 0.6 , 0.1 , 0.1 , 0.1 , 0.1 , 0.1 , 0.1 , 0.1 , 0.4 , 0.1 
19.01,NGpond,BullFrogTadpole,5/29/2024,37,0.2004,79.45,4.99, 0.1 , 0.1 , 0.1 , 0.1 , 0.1 , 0.1 , 0.1 , 0.5 , 0.2 , 0.1 , 0.1 , 0.1 , 0.1 , 0.1 , 0.1 , 0.1 , 0.1 , 0.1 , 0.5 , 0.1 , 0.1 , 0.1 , 0.1 , 0.1 , 0.1 , 0.1 , 0.1 , 0.1 
20.08,Zpond,BullFrogTadpole,5/30/2024,36,0.1998,85.55,10.01, 0.1 , 0.1 , 0.1 , 0.1 , 0.1 , 0.1 , 0.1 , 0.1 , 0.4 , 0.1 , 0.1 , 0.1 , 0.5 , 0.1 , 0.1 , 0.1 , 0.1 , 0.1 , 0.5 , 0.1 , 0.1 , 0.1 , 0.1 , 0.1 , 0.1 , 0.1 , 0.1 , 0.1 
20.08,Zpond,BullFrogTadpole,5/30/2024,36,0.2055,83.62,8.76, 0.1 , 0.1 , 0.1 , 0.1 , 0.1 , 0.1 , 0.1 , 0.1 , 0.2 , 0.1 , 0.1 , 0.1 , 0.8 , 0.1 , 0.1 , 0.1 , 0.1 , 0.1 , 0.4 , 0.1 , 0.1 , 0.1 , 0.1 , 0.1 , 0.1 , 0.1 , 0.1 , 0.1 
20.08,Zpond,BullFrogTadpole,5/30/2024,35,0.1964,85.54,10.69, 0.1 , 0.1 , 0.1 , 0.1 , 0.1 , 0.1 , 0.1 , 0.1 , 0.6 , 0.1 , 0.1 , 0.1 , 0.6 , 0.1 , 0.1 , 0.1 , 0.1 , 0.1 , 0.6 , 0.1 , 0.1 , 0.1 , 0.1 , 0.1 , 0.1 , 0.1 , 0.1 , 0.1 
20.08,Zpond,BullFrogTadpole,5/30/2024,35,0.1966,84.16,5.6, 0.1 , 0.1 , 0.1 , 0.1 , 0.1 , 0.1 , 0.1 , 0.1 , 0.5 , 0.1 , 0.1 , 0.1 , 0.6 , 0.1 , 0.1 , 0.1 , 0.1 , 0.1 , 0.6 , 0.1 , 0.1 , 0.1 , 0.1 , 0.1 , 0.1 , 0.1 , 0.1 , 0.1 
20.08,Zpond,BullFrogTadpole,5/30/2024,34,0.1966,85.84,11.19, 0.1 , 0.1 , 0.1 , 0.1 , 0.1 , 0.1 , 0.1 , 0.1 , 0.6 , 0.1 , 0.1 , 0.1 , 0.7 , 0.1 , 0.1 , 0.1 , 0.1 , 0.1 , 0.8 , 0.1 , 0.1 , 0.1 , 0.1 , 0.1 , 0.1 , 0.1 , 0.1 , 0.1 
18.86,Npond,BullFrogTadpole,5/24/2024,P27,0.126,79.6,5.56, 0.1 , 0.5 , 0.1 , 0.1 , 0.1 , 0.1 , 0.1 , 0.1 , 2.5 , 0.1 , 3.4 , 0.1 , 0.1 , 2.9 , 1.1 , 0.1 , 0.1 , 0.1 , 0.1 , 0.1 , 0.1 , 1.0 , 1.4 , 3.0 , 0.4 , 0.1 , 0.1 , 0.1 
18.86,Npond,BullFrogTadpole,5/24/2024,P27,0.1995,80.94,6.02, 0.1 , 1.2 , 0.1 , 0.1 , 0.1 , 0.1 , 0.1 , 0.1 , 1.3 , 0.1 , 5.8 , 0.1 , 0.1 , 1.5 , 1.8 , 0.1 , 0.7 , 0.1 , 0.1 , 0.1 , 0.1 , 1.1 , 3.3 , 4.3 , 0.8 , 0.1 , 0.1 , 0.1 
18.86,Npond,BullFrogTadpole,5/24/2024,P27,0.1968,84.95,12.7, 0.1 , 1.1 , 0.1 , 0.1 , 0.1 , 0.1 , 0.1 , 0.1 , 1.1 , 0.1 , 4.7 , 0.1 , 0.1 , 1.4 , 1.6 , 0.1 , 1.2 , 0.1 , 0.1 , 0.1 , 0.1 , 1.4 , 2.2 , 5.2 , 0.7 , 0.1 , 0.1 , 0.1 
18.86,Npond,BullFrogTadpole,5/24/2024,P27,0.182,84.07,9.34, 0.1 , 0.7 , 0.1 , 0.1 , 0.1 , 0.1 , 0.1 , 0.1 , 1.5 , 0.1 , 3.2 , 0.1 , 0.1 , 1.8 , 1.1 , 0.1 , 0.1 , 0.1 , 0.1 , 0.1 , 0.1 , 1.9 , 1.2 , 3.9 , 1.3 , 0.1 , 0.1 , 0.1 
18.86,Npond,BullFrogTadpole,5/24/2024,P27,0.2111,81.93,9.47, 0.1 , 1.1 , 0.1 , 0.1 , 0.1 , 0.1 , 0.1 , 0.1 , 1.3 , 0.1 , 3.9 , 0.1 , 0.1 , 2.0 , 1.0 , 0.1 , 0.5 , 0.1 , 0.1 , 0.1 , 0.1 , 1.0 , 1.6 , 4.2 , 0.3 , 0.1 , 0.1 , 0.1 
18.86,Npond,BullFrogTadpole,5/24/2024,P27,0.2058,79.43,5.83, 0.1 , 1.4 , 0.1 , 0.1 , 0.1 , 0.1 , 0.1 , 0.1 , 2.0 , 0.1 , 7.1 , 0.1 , 0.1 , 2.1 , 2.6 , 0.1 , 1.0 , 0.1 , 0.1 , 0.1 , 0.1 , 0.6 , 5.0 , 11.0 , 1.0 , 0.1 , 0.1 , 0.1 
18.86,Npond,BullFrogTadpole,5/24/2024,35,0.1948,81.04,10.27, 0.9 , 3.2 , 0.1 , 0.1 , 0.1 , 0.1 , 0.1 , 0.1 , 0.8 , 0.1 , 11.2 , 0.1 , 0.1 , 0.9 , 5.3 , 0.1 , 1.1 , 0.1 , 0.1 , 0.1 , 0.1 , 0.1 , 4.3 , 10.0 , 0.4 , 0.1 , 0.1 , 0.1 
18.86,Npond,BullFrogTadpole,5/24/2024,34,0.2069,82.14,9.67, 0.6 , 2.0 , 0.1 , 0.1 , 0.1 , 0.1 , 0.1 , 0.1 , 0.9 , 0.1 , 6.1 , 0.1 , 0.1 , 0.7 , 3.0 , 0.1 , 0.9 , 0.1 , 0.1 , 0.1 , 0.1 , 0.1 , 2.8 , 7.3 , 0.5 , 0.1 , 0.1 , 0.1 
18.86,Npond,BullFrogTadpole,5/24/2024,P27,0.2078,81.94,9.62, 0.1 , 1.5 , 0.1 , 0.1 , 0.1 , 0.1 , 0.1 , 0.1 , 0.9 , 0.1 , 6.7 , 0.1 , 0.1 , 1.1 , 2.5 , 0.1 , 0.5 , 0.1 , 0.1 , 0.1 , 0.1 , 0.1 , 4.3 , 8.6 , 1.1 , 0.1 , 0.1 , 0.1 
20.85,Kpond,BullFrogTadpole,6/5/2024,P27,0.2072,85.89,13.03, 1.1 , 2.7 , 0.1 , 0.1 , 2.1 , 0.1 , 0.1 , 0.1 , 3.1 , 0.1 , 0.1 , 0.1 , 0.1 , 6.7 , 5.3 , 0.1 , 0.1 , 0.1 , 0.2 , 0.1 , 1.2 , 0.1 , 0.1 , 0.1 , 0.1 , 0.1 , 0.2 , 0.1 
20.85,Kpond,BullFrogTadpole,6/5/2024,28,0.2057,85.66,11.67, 0.9 , 3.0 , 0.1 , 0.1 , 2.9 , 0.1 , 0.1 , 0.1 , 6.6 , 0.1 , 0.1 , 0.1 , 0.1 , 3.0 , 5.2 , 0.1 , 0.1 , 0.1 , 0.3 , 0.1 , 1.2 , 0.1 , 0.1 , 0.1 , 0.1 , 0.1 , 0.2 , 0.1 
20.85,Kpond,BullFrogTadpole,6/5/2024,37,0.2035,85.62,6.88, 1.3 , 3.4 , 0.1 , 0.1 , 1.9 , 0.1 , 0.1 , 0.1 , 6.1 , 0.1 , 0.1 , 0.1 , 0.1 , 4.8 , 6.6 , 0.1 , 0.1 , 0.1 , 0.3 , 0.1 , 1.6 , 0.1 , 0.1 , 0.1 , 0.1 , 0.1 , 0.5 , 0.1 
20.85,Kpond,BullFrogTadpole,6/5/2024,P27,0.2058,84.87,13.61, 0.9 , 3.3 , 0.1 , 0.1 , 2.7 , 0.1 , 0.1 , 0.1 , 5.4 , 0.1 , 0.1 , 0.1 , 0.1 , 6.0 , 7.1 , 0.1 , 0.1 , 0.1 , 0.5 , 0.1 , 2.0 , 0.1 , 0.1 , 0.1 , 0.1 , 0.1 , 0.5 , 0.1 
20.85,Kpond,BullFrogTadpole,6/5/2024,P27,0.2018,85.09,11.89, 0.6 , 2.9 , 0.1 , 0.1 , 2.9 , 0.1 , 0.1 , 0.1 , 5.5 , 0.1 , 0.1 , 0.1 , 0.1 , 7.2 , 4.8 , 0.1 , 0.1 , 0.1 , 0.3 , 0.1 , 1.7 , 0.1 , 0.1 , 0.1 , 0.1 , 0.1 , 1.0 , 0.1 
18.86,Npond,BullFrogTadpole,5/24/2024,P27,0.2014,82.84,6.95, 0.1 , 1.4 , 0.1 , 0.1 , 0.1 , 0.1 , 0.1 , 0.1 , 0.8 , 0.1 , 4.7 , 0.1 , 0.1 , 0.8 , 2.4 , 0.1 , 1.0 , 0.1 , 0.1 , 0.1 , 0.1 , 0.1 , 2.2 , 4.7 , 0.8 , 0.1 , 0.1 , 0.1 
18.86,Kpond,BullFrogTadpole,5/24/2024,P27,0.2074,85.79,4.82, 1.1 , 2.3 , 0.1 , 0.1 , 11.9 , 0.1 , 0.1 , 0.1 , 6.6 , 0.1 , 0.1 , 0.1 , 0.1 , 11.3 , 6.0 , 0.1 , 0.1 , 0.1 , 0.4 , 0.1 , 2.8 , 0.1 , 0.1 , 0.1 , 0.1 , 0.1 , 1.7 , 0.1 
20.85,Kpond,BullFrogTadpole,6/5/2024,P28,0.2081,85.54,12.01, 0.1 , 3.5 , 0.1 , 0.1 , 2.5 , 0.1 , 0.1 , 0.1 , 5.9 , 0.1 , 0.1 , 0.1 , 0.1 , 5.0 , 6.7 , 0.1 , 0.1 , 0.1 , 0.3 , 0.1 , 1.4 , 0.1 , 0.1 , 0.1 , 0.1 , 0.1 , 1.3 , 0.1 
29.35,Npond,Native Tadpole,6/14/2022,ND,0.0449,82.43,6.68, 0.1 , 0.1 , 0.1 , 0.1 , 0.1 , 2.8 , 0.1 , 0.1 , 0.1 , 0.1 , 0.1 , 0.1 , 0.1 , 0.1 , 0.1 , 0.1 , 0.1 , 0.1 , 0.1 , 0.1 , 0.1 , 0.1 , 0.1 , 1.1 , 0.1 , 0.1 , 0.1 , 0.1 
29.35,Npond,Native Tadpole,6/14/2022,ND,0.0405,82.11,0.05, 0.1 , 0.1 , 0.1 , 0.1 , 0.1 , 1.5 , 0.1 , 0.1 , 0.1 , 0.1 , 0.1 , 0.1 , 0.1 , 0.1 , 0.1 , 0.1 , 0.1 , 0.1 , 0.1 , 0.1 , 0.1 , 0.1 , 0.1 , 1.0 , 0.1 , 0.1 , 0.1 , 0.1 
29.35,Npond,Native Tadpole,6/14/2022,ND,0.0305,81.32,0.05, 0.1 , 0.1 , 0.1 , 0.1 , 0.1 , 4.6 , 0.1 , 0.1 , 0.1 , 0.1 , 0.1 , 0.1 , 0.1 , 0.1 , 0.1 , 0.1 , 0.1 , 0.1 , 0.1 , 0.1 , 0.1 , 0.1 , 0.1 , 0.1 , 0.1 , 0.1 , 0.1 , 0.1 
29.35,Npond,Native Tadpole,6/14/2022,ND,0.0515,80.37,0.05, 0.1 , 0.1 , 0.1 , 0.1 , 0.1 , 2.3 , 0.1 , 0.1 , 0.1 , 0.1 , 0.1 , 0.1 , 0.1 , 0.1 , 0.1 , 0.1 , 0.1 , 0.1 , 0.1 , 0.1 , 0.1 , 0.1 , 0.1 , 0.9 , 0.1 , 0.1 , 0.1 , 0.1 
29.35,Npond,Native Tadpole,6/14/2022,ND,0.0406,79.9,4.93, 0.1 , 0.1 , 0.1 , 0.1 , 0.1 , 4.0 , 0.1 , 0.1 , 0.1 , 0.1 , 0.1 , 0.1 , 0.1 , 0.1 , 0.1 , 0.1 , 0.1 , 0.1 , 0.1 , 0.1 , 0.1 , 0.1 , 0.1 , 1.4 , 0.1 , 0.1 , 0.1 , 0.1 
29.35,Npond,Native Tadpole,6/14/2022,ND,0.0507,81.85,0.05, 0.1 , 0.1 , 0.1 , 0.1 , 0.1 , 1.1 , 0.1 , 0.1 , 0.1 , 0.1 , 0.1 , 0.1 , 0.1 , 0.1 , 0.1 , 0.1 , 0.1 , 0.1 , 0.1 , 0.1 , 0.1 , 0.1 , 0.1 , 1.1 , 0.1 , 0.1 , 0.1 , 0.1 
29.35,Npond,Native Tadpole,6/14/2022,ND,0.0407,84.67,0.05, 0.1 , 0.1 , 0.1 , 0.1 , 0.1 , 1.5 , 0.1 , 0.1 , 0.1 , 0.1 , 0.1 , 0.1 , 0.1 , 0.1 , 0.1 , 0.1 , 0.1 , 0.1 , 0.1 , 0.1 , 0.1 , 0.1 , 0.1 , 1.0 , 0.1 , 0.1 , 0.1 , 0.1 
29.35,Npond,Native Tadpole,6/14/2022,ND,0.0501,79.16,0.05, 0.1 , 0.1 , 0.1 , 0.1 , 0.1 , 0.8 , 0.1 , 0.1 , 0.1 , 0.1 , 0.1 , 0.1 , 0.1 , 0.1 , 0.1 , 0.1 , 0.1 , 0.1 , 0.1 , 0.1 , 0.1 , 0.1 , 0.1 , 0.9 , 0.1 , 0.1 , 0.1 , 0.1 
29.35,Npond,Native Tadpole,6/14/2022,ND,0.0446,77.92,2.24, 0.1 , 0.1 , 0.1 , 0.1 , 0.1 , 3.4 , 0.1 , 0.1 , 0.1 , 0.1 , 0.1 , 0.1 , 0.1 , 0.1 , 0.1 , 0.1 , 0.1 , 0.1 , 0.1 , 0.1 , 0.1 , 0.1 , 0.1 , 0.1 , 0.1 , 0.1 , 0.1 , 0.1 
23.82,ENREC 2,Native Tadpole,6/15/2022,ND,0.0641,4.8,1.56, 0.1 , 0.1 , 0.1 , 0.1 , 0.1 , 0.1 , 0.1 , 0.1 , 0.1 , 0.1 , 0.1 , 0.1 , 0.1 , 4.1 , 6.0 , 0.1 , 0.1 , 0.1 , 0.1 , 0.1 , 3.0 , 0.1 , 0.1 , 3.4 , 0.1 , 0.1 , 0.1 , 0.1 
23.82,ENREC 2,Native Tadpole,6/15/2022,ND,0.0888,5.89,0.05, 0.1 , 0.1 , 0.1 , 0.1 , 0.1 , 0.1 , 0.1 , 0.1 , 0.1 , 0.1 , 0.1 , 0.1 , 0.1 , 5.7 , 5.6 , 0.1 , 0.1 , 0.1 , 0.1 , 0.1 , 2.5 , 0.1 , 0.1 , 0.1 , 0.1 , 0.1 , 0.1 , 0.1 
23.82,ENREC 2,Native Tadpole,6/15/2022,ND,0.0685,3.81,4.38, 0.1 , 4.5 , 0.1 , 0.1 , 0.1 , 0.1 , 0.1 , 0.1 , 0.1 , 0.1 , 0.1 , 0.1 , 0.1 , 12.5 , 13.9 , 0.1 , 0.1 , 0.1 , 0.1 , 0.1 , 3.9 , 0.1 , 0.1 , 0.1 , 0.1 , 0.1 , 0.1 , 0.1 
23.82,ENREC 2,Native Tadpole,6/15/2022,ND,0.0594,9.35,1.68, 0.1 , 8.5 , 0.1 , 0.1 , 0.1 , 0.1 , 0.1 , 0.1 , 0.1 , 0.1 , 0.1 , 0.1 , 0.1 , 17.7 , 30.8 , 0.1 , 0.1 , 0.1 , 0.1 , 0.1 , 7.4 , 0.1 , 0.1 , 0.1 , 0.1 , 0.1 , 0.1 , 0.1 
23.82,ENREC 2,Native Tadpole,6/15/2022,ND,0.0328,9.04,3.05, 0.1 , 35.0 , 0.1 , 10.8 , 0.1 , 0.1 , 0.1 , 0.1 , 11.1 , 0.1 , 0.1 , 0.1 , 0.1 , 102.5 , 112.6 , 0.1 , 0.1 , 0.1 , 0.1 , 0.1 , 38.7 , 0.1 , 0.1 , 0.1 , 0.1 , 0.1 , 0.1 , 0.1 
23.82,ENREC 2,Native Tadpole,6/15/2022,ND,0.0562,7.46,3.56, 0.1 , 8.6 , 0.1 , 3.3 , 0.1 , 0.1 , 0.1 , 0.1 , 0.1 , 0.1 , 0.1 , 0.1 , 0.1 , 26.8 , 34.9 , 0.1 , 0.1 , 0.1 , 0.1 , 0.1 , 10.5 , 0.1 , 0.1 , 0.1 , 0.1 , 0.1 , 0.1 , 0.1 
23.82,ENREC 2,Native Tadpole,6/15/2022,ND,0.0799,6.41,2.5, 0.1 , 10.9 , 0.1 , 2.8 , 0.1 , 0.1 , 0.1 , 0.1 , 2.2 , 0.1 , 0.1 , 0.1 , 0.1 , 32.1 , 41.5 , 0.1 , 0.1 , 0.1 , 0.1 , 0.1 , 10.1 , 0.1 , 0.1 , 0.1 , 0.1 , 0.1 , 0.1 , 0.1 
23.82,ENREC 2,Native Tadpole,6/15/2022,ND,0.0525,4.41,1.9, 0.1 , 0.1 , 0.1 , 0.1 , 0.1 , 0.1 , 0.1 , 0.1 , 0.1 , 0.1 , 0.1 , 0.1 , 0.1 , 6.0 , 8.8 , 0.1 , 0.1 , 0.1 , 0.1 , 0.1 , 0.1 , 0.1 , 0.1 , 0.1 , 0.1 , 0.1 , 0.1 , 0.1 
10.62,Npond,Native Tadpole,5/25/2023,ND,0.0345,8.47,2.9, 0.1 , 0.1 , 0.1 , 0.1 , 0.1 , 0.1 , 0.1 , 0.1 , 0.1 , 0.1 , 0.1 , 0.1 , 0.1 , 0.1 , 0.1 , 0.1 , 0.1 , 0.1 , 0.1 , 0.1 , 0.1 , 0.1 , 0.1 , 0.1 , 0.1 , 0.1 , 0.1 , 0.1 
10.62,Npond,Native Tadpole,5/25/2023,ND,0.1455,56.37,1.37, 0.1 , 0.1 , 0.1 , 0.1 , 0.1 , 5.8 , 0.1 , 0.1 , 0.1 , 0.1 , 0.1 , 0.1 , 0.1 , 0.1 , 0.1 , 0.1 , 0.1 , 0.1 , 0.1 , 0.1 , 0.1 , 0.1 , 0.1 , 1.0 , 0.1 , 0.1 , 0.1 , 0.1 
10.62,Npond,Native Tadpole,5/25/2023,ND,0.2816,42.07,0.05, 0.1 , 0.1 , 0.1 , 0.1 , 0.1 , 1.0 , 0.1 , 0.1 , 0.1 , 0.1 , 0.1 , 0.1 , 0.1 , 0.1 , 0.1 , 0.1 , 0.1 , 0.1 , 0.1 , 0.1 , 0.1 , 0.1 , 0.1 , 0.1 , 0.1 , 0.1 , 0.1 , 0.1 
10.62,Npond,Native Tadpole,5/25/2023,ND,0.4724,28.82,0.42, 0.1 , 0.1 , 0.1 , 0.1 , 0.1 , 1.0 , 0.1 , 0.1 , 0.1 , 0.1 , 0.1 , 0.1 , 0.1 , 0.1 , 0.1 , 0.1 , 0.1 , 0.1 , 0.1 , 0.1 , 0.1 , 0.1 , 0.1 , 0.1 , 0.1 , 0.1 , 0.1 , 0.1 
25.4,ENREC 2,Native Tadpole,6/22/2023,p31,0.0123,83.6,8.13, 0.1 , 0.1 , 0.1 , 0.1 , 0.1 , 0.1 , 0.1 , 0.1 , 0.1 , 0.1 , 0.1 , 0.1 , 0.1 , 23.1 , 0.1 , 0.1 , 0.1 , 0.1 , 0.1 , 0.1 , 14.0 , 0.1 , 0.1 , 0.1 , 0.1 , 0.1 , 0.1 , 0.1 
25.4,ENREC 2,Native Tadpole,6/22/2023,p27,0.0053,87.59,0.05, 0.1 , 0.1 , 0.1 , 0.1 , 0.1 , 0.1 , 0.1 , 0.1 , 0.1 , 0.1 , 0.1 , 0.1 , 0.1 , 22.4 , 0.1 , 0.1 , 0.1 , 0.1 , 0.1 , 0.1 , 9.0 , 0.1 , 0.1 , 0.1 , 0.1 , 0.1 , 0.1 , 0.1 
25.4,ENREC 2,Native Tadpole,6/22/2023,p27,0.0052,88.96,19.23, 0.1 , 0.1 , 0.1 , 0.1 , 0.1 , 0.1 , 0.1 , 0.1 , 0.1 , 0.1 , 0.1 , 0.1 , 0.1 , 10.0 , 0.1 , 0.1 , 0.1 , 0.1 , 0.1 , 0.1 , 4.2 , 0.1 , 0.1 , 0.1 , 0.1 , 0.1 , 0.1 , 0.1 
25.4,ENREC 2,Native Tadpole,6/22/2023,p27,0.0101,86.09,9.9, 0.1 , 0.1 , 0.1 , 0.1 , 0.1 , 0.1 , 0.1 , 0.1 , 0.1 , 0.1 , 0.1 , 0.1 , 0.1 , 19.8 , 0.1 , 0.1 , 0.1 , 0.1 , 0.1 , 0.1 , 9.7 , 0.1 , 0.1 , 0.1 , 0.1 , 0.1 , 0.1 , 0.1 
25.4,ENREC 2,Native Tadpole,6/22/2023,p27,0.008,79.9,0.05, 0.1 , 0.1 , 0.1 , 0.1 , 0.1 , 0.1 , 0.1 , 0.1 , 0.1 , 0.1 , 0.1 , 0.1 , 0.1 , 20.6 , 0.1 , 0.1 , 0.1 , 0.1 , 0.1 , 0.1 , 12.1 , 0.1 , 0.1 , 0.1 , 0.1 , 0.1 , 0.1 , 0.1 
25.4,ENREC 2,Native Tadpole,6/22/2023,p27,0.011,84.26,54.55, 0.1 , 0.1 , 0.1 , 0.1 , 0.1 , 0.1 , 0.1 , 0.1 , 0.1 , 0.1 , 0.1 , 0.1 , 0.1 , 18.9 , 0.1 , 0.1 , 0.1 , 0.1 , 0.1 , 0.1 , 11.2 , 0.1 , 0.1 , 0.1 , 0.1 , 0.1 , 0.1 , 0.1 
25.4,ENREC 2,Native Tadpole,6/22/2023,p27,0.0108,83.23,37.04, 0.1 , 0.1 , 0.1 , 0.1 , 0.1 , 0.1 , 0.1 , 0.1 , 0.1 , 0.1 , 0.1 , 0.1 , 0.1 , 19.4 , 0.1 , 0.1 , 0.1 , 0.1 , 0.1 , 0.1 , 9.6 , 0.1 , 0.1 , 6.2 , 0.1 , 0.1 , 0.1 , 0.1 
25.4,ENREC 2,Native Tadpole,6/22/2023,p27,0.0096,83.7,20.83, 0.1 , 0.1 , 0.1 , 0.1 , 0.1 , 0.1 , 0.1 , 0.1 , 0.1 , 0.1 , 0.1 , 0.1 , 0.1 , 18.7 , 0.1 , 0.1 , 0.1 , 0.1 , 0.1 , 0.1 , 13.2 , 0.1 , 0.1 , 0.1 , 0.1 , 0.1 , 0.1 , 0.1 
25.4,ENREC 2,Native Tadpole,6/22/2023,p27,0.0111,86.89,36.04, 0.1 , 0.1 , 0.1 , 0.1 , 0.1 , 0.1 , 0.1 , 0.1 , 0.1 , 0.1 , 0.1 , 0.1 , 0.1 , 16.0 , 0.1 , 0.1 , 0.1 , 0.1 , 2.6 , 0.1 , 8.2 , 0.1 , 0.1 , 0.1 , 0.1 , 0.1 , 0.1 , 0.1 
25.4,ENREC 2,Native Tadpole,6/22/2023,p27,0.0115,81.89,17.39, 0.1 , 0.1 , 0.1 , 0.1 , 0.1 , 0.1 , 0.1 , 0.1 , 0.1 , 0.1 , 0.1 , 0.1 , 0.1 , 16.9 , 0.1 , 0.1 , 0.1 , 0.1 , 0.1 , 0.1 , 10.9 , 0.1 , 0.1 , 0.1 , 0.1 , 0.1 , 0.1 , 0.1 
25.4,Npond,Native Tadpole,5/24/2024,27-30,0.0046,96.2,86.96, 0.1 , 0.1 , 0.1 , 0.1 , 0.1 , 3.8 , 0.1 , 0.1 , 0.1 , 0.1 , 0.1 , 0.1 , 0.1 , 2.5 , 0.1 , 0.1 , 0.1 , 0.1 , 0.1 , 0.1 , 0.1 , 0.1 , 0.1 , 2.7 , 0.1 , 0.1 , 0.1 , 0.1 
18.86,Npond,Native Tadpole,5/24/2024,27-30,0.0064,91.28,78.12, 0.1 , 0.1 , 0.1 , 0.1 , 0.1 , 7.3 , 0.1 , 0.1 , 0.1 , 0.1 , 0.1 , 0.1 , 0.1 , 5.0 , 0.1 , 0.1 , 0.1 , 0.1 , 0.1 , 0.1 , 0.1 , 0.1 , 0.1 , 4.7 , 0.1 , 0.1 , 0.1 , 0.1 
18.86,Npond,Native Tadpole,5/24/2024,27-30,0.006,90.74,33.33, 0.1 , 0.1 , 0.1 , 0.1 , 0.1 , 9.8 , 0.1 , 0.1 , 0.1 , 0.1 , 0.1 , 0.1 , 0.1 , 4.9 , 0.1 , 0.1 , 0.1 , 0.1 , 0.1 , 0.1 , 0.1 , 0.1 , 0.1 , 4.9 , 0.1 , 0.1 , 0.1 , 0.1 
18.86,Npond,Native Tadpole,5/24/2024,27-30,0.0064,88.45,93.75, 0.1 , 0.1 , 0.1 , 0.1 , 0.1 , 21.9 , 0.1 , 0.1 , 0.1 , 0.1 , 0.1 , 0.1 , 0.1 , 0.1 , 0.1 , 0.1 , 0.1 , 0.1 , 0.1 , 0.1 , 0.1 , 0.1 , 0.1 , 8.8 , 0.1 , 0.1 , 0.1 , 0.1 
18.86,Npond,Native Tadpole,5/24/2024,27-30,0.0065,91.37,92.31, 0.1 , 0.1 , 0.1 , 0.1 , 0.1 , 16.9 , 0.1 , 0.1 , 0.1 , 0.1 , 0.1 , 0.1 , 0.1 , 0.1 , 0.1 , 0.1 , 0.1 , 0.1 , 0.1 , 0.1 , 0.1 , 0.1 , 0.1 , 3.8 , 0.1 , 0.1 , 0.1 , 0.1 
18.86,Npond,Native Tadpole,5/24/2024,27-30,0.0077,88.23,38.96, 0.1 , 0.1 , 0.1 , 0.1 , 0.1 , 14.5 , 0.1 , 0.1 , 0.1 , 0.1 , 0.1 , 0.1 , 0.1 , 0.1 , 0.1 , 0.1 , 0.1 , 0.1 , 0.1 , 0.1 , 0.1 , 0.1 , 0.1 , 6.9 , 0.1 , 0.1 , 0.1 , 0.1 
18.86,Npond,Native Tadpole,5/24/2024,27-30,0.0079,89.25,12.66, 0.1 , 0.1 , 0.1 , 0.1 , 0.1 , 13.7 , 0.1 , 0.1 , 0.1 , 0.1 , 0.1 , 0.1 , 0.1 , 0.1 , 0.1 , 0.1 , 0.1 , 0.1 , 0.1 , 0.1 , 0.1 , 0.1 , 0.1 , 3.9 , 0.1 , 0.1 , 0.1 , 0.1 
22.03,ENREC 2,Native Tadpole,6/6/2024,37,0.0458,90.39,2.18, 0.1 , 1.8 , 0.1 , 0.1 , 0.1 , 0.1 , 0.1 , 0.1 , 2.6 , 1.5 , 0.1 , 0.1 , 0.1 , 7.3 , 3.0 , 0.1 , 0.1 , 0.1 , 0.1 , 0.1 , 2.7 , 0.1 , 0.1 , 0.1 , 0.1 , 0.1 , 0.1 , 0.1 
22.03,ENREC 2,Native Tadpole,6/6/2024,37,0.059,88.78,5.08, 0.1 , 1.5 , 0.1 , 0.1 , 0.1 , 0.1 , 0.1 , 0.1 , 2.0 , 0.1 , 0.1 , 0.1 , 0.1 , 7.4 , 2.4 , 0.1 , 0.1 , 0.1 , 0.1 , 0.1 , 2.0 , 0.1 , 0.1 , 0.1 , 0.1 , 0.1 , 0.1 , 0.1 
22.03,ENREC 2,Native Tadpole,6/6/2024,38,0.0577,90.04,6.93, 0.1 , 1.7 , 0.1 , 0.1 , 0.1 , 0.1 , 0.1 , 0.1 , 1.9 , 0.1 , 0.1 , 0.1 , 0.1 , 6.3 , 3.6 , 0.1 , 0.1 , 0.1 , 0.1 , 0.1 , 1.7 , 0.1 , 0.1 , 0.1 , 0.1 , 0.1 , 0.1 , 0.1 
22.03,ENREC 2,Native Tadpole,6/6/2024,36,0.0392,86.08,0.05, 0.1 , 1.3 , 0.1 , 0.1 , 0.1 , 0.1 , 0.1 , 0.1 , 2.7 , 0.1 , 0.1 , 0.1 , 0.1 , 7.4 , 2.7 , 0.1 , 0.1 , 0.1 , 0.1 , 0.1 , 2.0 , 0.1 , 0.1 , 0.1 , 0.1 , 0.1 , 0.1 , 0.1 
22.03,ENREC 2,Native Tadpole,6/6/2024,35,0.0214,91.74,0.05, 0.1 , 0.8 , 0.1 , 0.1 , 0.1 , 0.1 , 0.1 , 0.1 , 2.4 , 0.1 , 0.1 , 0.1 , 0.1 , 3.4 , 2.2 , 0.1 , 0.1 , 0.1 , 0.1 , 0.1 , 1.1 , 0.1 , 0.1 , 0.1 , 0.1 , 0.1 , 0.1 , 0.1 
22.03,ENREC 2,Native Tadpole,6/6/2024,37,0.0453,90.83,2.21, 0.1 , 0.8 , 0.1 , 0.1 , 0.1 , 0.1 , 0.1 , 0.1 , 0.9 , 2.1 , 0.1 , 0.1 , 0.1 , 4.1 , 1.3 , 0.1 , 0.1 , 0.1 , 0.1 , 0.1 , 1.2 , 0.1 , 0.1 , 0.1 , 0.1 , 0.1 , 0.1 , 0.1 
22.03,ENREC 2,Native Tadpole,6/6/2024,30,0.0223,89.03,0.05, 0.1 , 1.5 , 0.1 , 0.1 , 0.1 , 0.1 , 0.1 , 0.1 , 2.0 , 4.6 , 0.1 , 0.1 , 0.1 , 6.5 , 2.7 , 0.1 , 0.1 , 0.1 , 0.1 , 0.1 , 2.3 , 0.1 , 0.1 , 1.1 , 0.1 , 0.1 , 0.1 , 0.1 
22.03,ENREC 2,Native Tadpole,6/6/2024,30,0.0341,87.87,0.05, 0.1 , 1.3 , 0.1 , 0.1 , 0.1 , 0.1 , 0.1 , 0.1 , 0.8 , 3.2 , 0.1 , 0.1 , 0.1 , 6.2 , 3.0 , 0.1 , 0.1 , 0.1 , 0.1 , 0.1 , 2.1 , 0.1 , 0.1 , 0.1 , 0.1 , 0.1 , 0.1 , 0.1 
22.03,ENREC 2,Native Tadpole,6/6/2024,34,0.0377,87.83,2.65, 0.1 , 1.2 , 0.1 , 0.1 , 0.1 , 0.1 , 0.1 , 0.1 , 2.2 , 0.1 , 0.1 , 0.1 , 0.1 , 7.7 , 2.5 , 0.1 , 0.1 , 0.1 , 0.1 , 0.1 , 2.3 , 0.1 , 0.1 , 0.9 , 0.1 , 0.1 , 0.1 , 0.1 
22.03,Kpond,Native Tadpole,6/6/2024,p27,0.0289,96.16,10.38, 0.1 , 1.4 , 0.1 , 1.2 , 0.1 , 1.4 , 0.1 , 0.1 , 1.7 , 0.1 , 0.1 , 0.1 , 0.1 , 4.7 , 5.2 , 0.1 , 0.1 , 0.1 , 0.1 , 0.1 , 1.9 , 0.1 , 0.1 , 0.1 , 0.1 , 0.1 , 0.1 , 0.1 
22.03,Kpond,Native Tadpole,6/6/2024,p27,0.0213,95.57,4.69, 0.1 , 1.4 , 0.1 , 0.8 , 0.1 , 3.0 , 0.1 , 0.1 , 1.6 , 0.1 , 0.1 , 0.1 , 0.1 , 5.4 , 4.4 , 0.1 , 0.1 , 0.1 , 0.1 , 0.1 , 1.7 , 0.1 , 0.1 , 0.1 , 0.1 , 0.1 , 0.1 , 0.1 
22.03,Kpond,Native Tadpole,6/6/2024,37,0.0384,92.55,15.62, 0.1 , 1.7 , 0.1 , 0.1 , 0.1 , 3.2 , 0.1 , 0.1 , 2.4 , 0.1 , 0.1 , 0.1 , 0.1 , 3.3 , 3.9 , 0.1 , 0.1 , 0.1 , 0.1 , 0.1 , 1.0 , 0.1 , 0.1 , 0.1 , 0.1 , 0.1 , 0.1 , 0.1 
22.03,Kpond,Native Tadpole,6/6/2024,39,0.0347,91.69,17.29, 0.1 , 2.3 , 0.1 , 0.7 , 0.1 , 4.2 , 0.1 , 0.1 , 1.8 , 0.1 , 0.1 , 0.1 , 0.1 , 3.2 , 5.7 , 0.1 , 0.1 , 0.1 , 0.1 , 0.1 , 0.9 , 0.1 , 0.1 , 0.1 , 0.1 , 0.1 , 0.1 , 0.1 
20.66,Kpond,Native Tadpole,6/6/2024,p27,0.0359,94.75,11.14, 0.1 , 1.7 , 0.1 , 0.8 , 0.1 , 2.1 , 0.1 , 0.1 , 2.6 , 0.1 , 0.1 , 0.1 , 0.1 , 7.4 , 4.9 , 0.1 , 0.1 , 0.1 , 0.1 , 0.1 , 3.1 , 0.1 , 0.1 , 0.1 , 0.1 , 0.1 , 0.1 , 0.1 
20.66,Kpond,Native Tadpole,6/6/2024,p27,0.0553,92.28,3.62, 0.1 , 0.9 , 0.1 , 1.2 , 0.1 , 2.3 , 0.1 , 0.1 , 2.8 , 0.1 , 0.1 , 0.1 , 0.1 , 2.9 , 3.8 , 0.1 , 0.1 , 0.1 , 0.1 , 0.1 , 1.7 , 0.1 , 0.1 , 0.1 , 0.1 , 0.1 , 0.1 , 0.1 
20.66,Kpond,Native Tadpole,6/6/2024,26,0.0233,94.86,8.58, 0.1 , 1.2 , 0.1 , 1.1 , 0.1 , 3.4 , 0.1 , 0.1 , 2.1 , 0.1 , 0.1 , 0.1 , 0.1 , 5.3 , 3.3 , 0.1 , 0.1 , 0.1 , 0.1 , 0.1 , 1.8 , 0.1 , 0.1 , 0.1 , 0.1 , 0.1 , 0.1 , 0.1 
20.66,Kpond,Native Tadpole,6/6/2024,37,0.0431,91.79,4.64, 0.1 , 1.3 , 0.1 , 0.1 , 0.1 , 2.4 , 0.1 , 0.1 , 2.4 , 0.1 , 0.1 , 0.1 , 0.1 , 3.8 , 1.6 , 0.1 , 0.1 , 0.1 , 0.1 , 0.1 , 0.9 , 0.1 , 0.1 , 0.1 , 0.1 , 0.1 , 0.1 , 0.1 
20.66,Kpond,Native Tadpole,6/6/2024,26,0.0202,95.69,19.8, 0.1 , 1.4 , 0.1 , 1.1 , 0.1 , 2.9 , 0.1 , 0.1 , 2.0 , 0.1 , 0.1 , 0.1 , 0.1 , 5.6 , 4.5 , 0.1 , 0.1 , 0.1 , 0.1 , 0.1 , 1.5 , 0.1 , 0.1 , 0.1 , 0.1 , 0.1 , 0.1 , 0.1 
20.66,Kpond,Native Tadpole,6/6/2024,30,0.0399,94.67,10.03, 0.1 , 1.8 , 0.1 , 1.2 , 0.1 , 2.4 , 0.1 , 0.1 , 3.3 , 0.1 , 0.1 , 0.1 , 0.1 , 7.4 , 4.7 , 0.1 , 0.1 , 0.1 , 0.1 , 0.1 , 2.1 , 0.1 , 0.1 , 0.1 , 0.1 , 0.1 , 0.1 , 0.1 
20.08,Zpond,Native Tadpole,5/30/2024,p27,0.0081,94.81,37.04, 0.1 , 0.1 , 0.1 , 0.1 , 0.1 , 10.4 , 0.1 , 0.1 , 0.1 , 0.1 , 0.1 , 0.1 , 0.1 , 0.1 , 0.1 , 0.1 , 0.1 , 0.1 , 0.1 , 0.1 , 0.1 , 0.1 , 0.1 , 0.1 , 0.1 , 0.1 , 0.1 , 0.1 
20.08,Zpond,Native Tadpole,5/30/2024,p27,0.0041,94.38,97.56, 0.1 , 0.1 , 0.1 , 0.1 , 0.1 , 0.1 , 0.1 , 0.1 , 0.1 , 0.1 , 0.1 , 0.1 , 0.1 , 0.1 , 0.1 , 0.1 , 0.1 , 0.1 , 0.1 , 0.1 , 0.1 , 0.1 , 0.1 , 0.1 , 0.1 , 0.1 , 0.1 , 0.1 
20.08,Zpond,Native Tadpole,5/30/2024,p27,0.0091,92.92,54.95, 0.1 , 0.1 , 0.1 , 0.1 , 0.1 , 9.1 , 0.1 , 0.1 , 0.1 , 0.1 , 0.1 , 0.1 , 0.1 , 0.1 , 0.1 , 0.1 , 0.1 , 0.1 , 0.1 , 0.1 , 0.1 , 0.1 , 0.1 , 0.1 , 0.1 , 0.1 , 0.1 , 0.1 
18.86,NGpond,Native Tadpole,5/24/2024,p27,0.002,94.9,50, 0.1 , 0.1 , 0.1 , 0.1 , 0.1 , 0.1 , 0.1 , 0.1 , 0.1 , 0.1 , 0.1 , 0.1 , 0.1 , 0.1 , 0.1 , 0.1 , 0.1 , 0.1 , 0.1 , 0.1 , 0.1 , 0.1 , 0.1 , 0.1 , 0.1 , 0.1 , 0.1 , 0.1 
18.86,NGpond,Native Tadpole,5/24/2024,p27,0.013,89.89,15.38, 0.1 , 0.1 , 0.1 , 0.1 , 0.1 , 0.1 , 0.1 , 0.1 , 0.1 , 0.1 , 0.1 , 0.1 , 0.1 , 0.1 , 0.1 , 0.1 , 0.1 , 0.1 , 0.1 , 0.1 , 0.1 , 0.1 , 0.1 , 0.1 , 0.1 , 0.1 , 0.1 , 0.1 
18.86,NGpond,Native Tadpole,5/24/2024,30,0.0221,84.18,4.52, 0.1 , 0.1 , 0.1 , 0.1 , 0.1 , 0.1 , 0.1 , 0.1 , 0.1 , 0.1 , 0.1 , 0.1 , 0.1 , 0.1 , 0.1 , 0.1 , 0.1 , 0.1 , 0.1 , 0.1 , 0.1 , 0.1 , 0.1 , 0.1 , 0.1 , 0.1 , 0.1 , 0.1 
18.86,NGpond,Native Tadpole,5/24/2024,30,0.0075,90.55,13.33, 0.1 , 0.1 , 0.1 , 0.1 , 0.1 , 0.1 , 0.1 , 0.1 , 0.1 , 0.1 , 0.1 , 0.1 , 0.1 , 0.1 , 0.1 , 0.1 , 0.1 , 0.1 , 0.1 , 0.1 , 0.1 , 0.1 , 0.1 , 0.1 , 0.1 , 0.1 , 0.1 , 0.1 
18.86,NGpond,Native Tadpole,5/24/2024,30,0.0035,94.78,85.71, 0.1 , 0.1 , 0.1 , 0.1 , 0.1 , 0.1 , 0.1 , 0.1 , 0.1 , 0.1 , 0.1 , 0.1 , 0.1 , 0.1 , 0.1 , 0.1 , 0.1 , 0.1 , 0.1 , 0.1 , 0.1 , 0.1 , 0.1 , 0.1 , 0.1 , 0.1 , 0.1 , 0.1 
18.86,NGpond,Native Tadpole,5/24/2024,33,0.0066,91.22,30.3, 0.1 , 0.1 , 0.1 , 0.1 , 0.1 , 0.1 , 0.1 , 0.1 , 0.1 , 0.1 , 0.1 , 0.1 , 0.1 , 0.1 , 0.1 , 0.1 , 0.1 , 0.1 , 0.1 , 0.1 , 0.1 , 0.1 , 0.1 , 0.1 , 0.1 , 0.1 , 0.1 , 0.1 
