Temperature,Site,Specices,Collection_date,Dev_stage,Mass (g) (dry weight),% Moisture,% Lipid,Acetochlor ,Atrazine,Azoxystrobin ,Clothianidin ,Carbendazim ,Cyfluthrin (all isomers),Cyproconazole ,Bifenthrin ,Desthiopro,Dithiopyr ,Flufenacet ,Fluoxastrobin ,Fluxapyroxad ,Ipconazole ,Metolachlor (R and S),Metconazole ,Pendimethalin ,Pentachloroanisole,Propiconazole,Pyraclostrobin ,Tebuconazole ,Penoxsulam ,ppDDD  ,ppDDE ,ppDDT ,Tetraconazole ,Thiabendazole ,ThiamethoxamD
21.01,Kpond,BullFrogTadpole,11/7/2021,ND,0.0454,ND,NA,NA,NA,NA,NA,NA,NA,NA,NA,109.2,NA,NA,NA,NA,116.9,NA,NA,NA,NA,NA,NA,90.2,NA,NA,NA,NA,NA,NA,8908.8
21.01,Kpond,BullFrogTadpole,11/7/2021,ND,0.0625,ND,NA,NA,NA,NA,NA,NA,NA,NA,NA,191.8,NA,NA,NA,NA,85.7,NA,NA,NA,NA,NA,NA,71,NA,NA,NA,NA,NA,NA,NA
21.01,Kpond,BullFrogTadpole,11/7/2021,ND,0.0724,ND,NA,NA,NA,NA,NA,NA,NA,NA,5.5,151.4,NA,NA,NA,NA,98.1,NA,NA,NA,NA,NA,NA,67.3,NA,NA,NA,NA,NA,NA,39.8
21.01,Kpond,BullFrogTadpole,11/7/2021,ND,0.0716,ND,NA,NA,NA,NA,NA,NA,NA,NA,NA,157.1,NA,NA,NA,NA,79.1,NA,NA,NA,NA,NA,NA,52.9,NA,NA,NA,NA,NA,NA,33.8
21.01,Kpond,BullFrogTadpole,11/7/2021,ND,0.0945,ND,NA,NA,NA,NA,NA,NA,NA,NA,NA,123.9,NA,NA,,NA,110,NA,NA,NA,NA,NA,NA,74.6,NA,NA,NA,NA,NA,NA,33.8
21.01,Kpond,BullFrogTadpole,11/7/2021,ND,0.021,ND,NA,NA,NA,NA,NA,NA,NA,NA,NA,126.9,NA,NA,2.8,NA,108.6,NA,NA,NA,NA,NA,NA,77.1,NA,NA,NA,NA,NA,NA,NA
21.01,Kpond,BullFrogTadpole,11/7/2021,ND,0.0924,ND,NA,NA,NA,NA,17.5,NA,NA,NA,6.5,206.2,NA,NA,2.6,NA,80.9,NA,NA,NA,NA,NA,NA,66.9,NA,NA,NA,NA,NA,NA,23.7
21.01,Kpond,BullFrogTadpole,11/7/2021,ND,0.1569,ND,NA,NA,NA,NA,17.9,NA,NA,NA,7.6,200.8,NA,NA,2.8,NA,71.2,NA,NA,NA,NA,NA,NA,65.2,NA,NA,NA,NA,NA,NA,18.6
21.01,Kpond,BullFrogTadpole,11/7/2021,ND,0.0739,ND,NA,NA,NA,NA,16.2,NA,NA,NA,NA,189,NA,NA,NA,NA,85.4,NA,NA,NA,NA,NA,NA,66.1,NA,NA,NA,NA,NA,NA,34.1
21.01,Kpond,BullFrogTadpole,11/7/2021,ND,0.056,ND,NA,NA,NA,NA,NA,NA,NA,NA,NA,153.7,NA,NA,NA,NA,100.4,NA,NA,NA,NA,NA,NA,64.8,NA,NA,NA,NA,NA,NA,43.4
21.01,Npond,BullFrogTadpole,11/7/2021,ND,0.1065,ND,NA,NA,NA,NA,NA,NA,NA,NA,NA,93.9,NA,NA,NA,NA,NA,NA,NA,NA,NA,NA,NA,NA,NA,7.5,92,7.5,NA,NA,NA
21.01,Npond,BullFrogTadpole,11/7/2021,ND,0.0846,ND,NA,NA,NA,NA,NA,NA,NA,NA,NA,85.4,NA,NA,NA,NA,NA,NA,NA,NA,NA,NA,NA,NA,NA,NA,73.3,9.5,NA,NA,NA
21.01,Npond,BullFrogTadpole,11/7/2021,ND,0.0721,ND,NA,NA,NA,NA,NA,NA,NA,NA,NA,41.2,NA,NA,NA,NA,NA,NA,NA,NA,NA,NA,NA,NA,NA,NA,80.4,11.1,NA,NA,NA
21.01,Npond,BullFrogTadpole,11/7/2021,ND,0.0739,ND,NA,NA,NA,NA,NA,NA,NA,NA,NA,45.5,NA,NA,NA,NA,NA,NA,NA,NA,NA,NA,NA,NA,NA,NA,83.9,13.5,NA,NA,NA
21.01,Npond,BullFrogTadpole,11/7/2021,ND,0.0689,ND,NA,NA,NA,NA,NA,NA,NA,NA,NA,69,NA,NA,NA,NA,NA,NA,NA,NA,NA,NA,NA,NA,NA,NA,72.6,NA,NA,NA,NA
21.01,Npond,BullFrogTadpole,11/7/2021,ND,0.0469,ND,NA,NA,NA,NA,NA,NA,NA,NA,NA,67.5,NA,NA,NA,NA,NA,NA,NA,NA,NA,NA,NA,NA,NA,NA,64,NA,NA,NA,NA
21.01,Npond,BullFrogTadpole,11/7/2021,ND,0.0806,ND,NA,NA,NA,NA,NA,NA,NA,NA,NA,60.2,NA,NA,NA,NA,NA,NA,NA,NA,NA,NA,NA,NA,NA,NA,89.3,9.9,NA,NA,NA
21.01,Npond,BullFrogTadpole,11/7/2021,ND,0.0548,ND,NA,NA,NA,NA,NA,NA,NA,NA,NA,58.5,NA,NA,NA,NA,NA,NA,NA,NA,NA,NA,NA,NA,NA,NA,142.3,21.9,NA,NA,NA
21.01,Npond,BullFrogTadpole,11/7/2021,ND,0.1369,ND,NA,NA,NA,NA,NA,NA,NA,NA,NA,58.3,NA,NA,NA,NA,NA,NA,NA,NA,NA,NA,NA,NA,NA,8.8,89.1,5.8,NA,NA,NA
21.01,Npond,BullFrogTadpole,11/7/2021,ND,0.1102,ND,NA,NA,NA,NA,NA,NA,NA,NA,NA,81.3,NA,NA,NA,NA,NA,NA,NA,NA,NA,NA,NA,NA,NA,5.4,78,7.3,NA,NA,NA
23.13,Zpond,BullFrogTadpole,11/8/2021,ND,0.0086,ND,NA,NA,NA,NA,NA,NA,NA,NA,NA,NA,NA,NA,NA,NA,NA,NA,NA,NA,NA,NA,NA,NA,NA,NA,NA,NA,NA,NA,NA
23.13,Zpond,BullFrogTadpole,11/8/2021,ND,0.0543,ND,NA,NA,NA,NA,NA,NA,NA,NA,NA,NA,NA,NA,NA,NA,NA,NA,NA,NA,NA,NA,NA,NA,NA,NA,NA,NA,NA,NA,NA
23.13,Zpond,BullFrogTadpole,11/8/2021,ND,0.019,ND,NA,NA,NA,NA,NA,NA,NA,NA,NA,NA,NA,NA,NA,NA,NA,NA,NA,NA,NA,NA,NA,NA,NA,NA,NA,NA,NA,NA,NA
23.13,Zpond,BullFrogTadpole,11/8/2021,ND,0.0604,ND,NA,NA,NA,NA,NA,NA,NA,NA,NA,NA,NA,NA,NA,NA,NA,NA,NA,NA,NA,NA,NA,NA,NA,NA,NA,NA,NA,NA,NA
23.13,Zpond,BullFrogTadpole,11/8/2021,ND,0.0554,ND,NA,NA,NA,NA,NA,NA,NA,NA,NA,NA,NA,NA,NA,NA,NA,NA,NA,NA,NA,NA,NA,NA,NA,NA,NA,NA,NA,NA,NA
23.13,Zpond,BullFrogTadpole,11/8/2021,ND,0.061,ND,NA,NA,NA,NA,NA,NA,NA,NA,NA,20.2,NA,NA,NA,NA,NA,NA,NA,NA,NA,NA,NA,NA,NA,NA,NA,NA,NA,NA,NA
23.13,Zpond,BullFrogTadpole,11/8/2021,ND,0.0824,ND,NA,NA,NA,NA,NA,NA,NA,NA,NA,NA,NA,NA,NA,NA,NA,NA,NA,NA,NA,NA,NA,NA,NA,NA,NA,NA,NA,NA,NA
23.13,Zpond,BullFrogTadpole,11/8/2021,ND,0.0821,ND,NA,NA,NA,NA,NA,NA,NA,NA,NA,NA,NA,NA,NA,NA,NA,NA,NA,NA,NA,NA,NA,NA,NA,NA,NA,NA,NA,NA,NA
23.13,Zpond,BullFrogTadpole,11/8/2021,ND,0.0794,ND,NA,NA,NA,NA,NA,NA,NA,NA,NA,NA,NA,NA,NA,NA,NA,NA,NA,NA,NA,NA,NA,NA,NA,NA,NA,NA,NA,NA,NA
23.13,Zpond,BullFrogTadpole,11/8/2021,ND,0.0796,ND,NA,NA,NA,NA,NA,NA,NA,NA,NA,NA,NA,NA,NA,NA,NA,NA,NA,NA,NA,NA,NA,NA,NA,NA,NA,NA,NA,NA,NA
23.13,Gpond,BullFrogTadpole,11/8/2021,ND,0.205,ND,NA,NA,NA,NA,NA,NA,NA,NA,NA,10.4,NA,NA,NA,NA,NA,NA,NA,NA,6.8,NA,NA,NA,NA,NA,NA,NA,NA,NA,NA
23.13,Gpond,BullFrogTadpole,11/8/2021,ND,0.2101,ND,NA,NA,NA,NA,NA,NA,NA,NA,NA,7.1,NA,NA,NA,NA,NA,NA,NA,NA,2.9,NA,NA,NA,NA,NA,NA,NA,NA,NA,NA
23.13,Gpond,BullFrogTadpole,11/8/2021,ND,0.2037,ND,NA,NA,NA,NA,NA,NA,NA,NA,NA,NA,NA,NA,NA,NA,NA,NA,NA,NA,12.8,NA,NA,NA,NA,NA,NA,NA,NA,NA,NA
23.13,Gpond,BullFrogTadpole,11/8/2021,ND,0.2065,ND,NA,NA,NA,NA,NA,NA,NA,NA,NA,7.1,NA,NA,NA,NA,NA,NA,NA,NA,7.7,NA,NA,NA,NA,NA,NA,NA,NA,NA,NA
23.13,Gpond,BullFrogTadpole,11/8/2021,ND,0.207,ND,NA,NA,NA,NA,NA,NA,NA,NA,NA,6.9,NA,NA,NA,NA,NA,NA,NA,NA,4.8,NA,NA,NA,NA,NA,NA,NA,NA,NA,NA
23.13,Gpond,BullFrogTadpole,11/8/2021,ND,0.2031,ND,NA,NA,NA,NA,NA,NA,NA,NA,NA,NA,NA,NA,NA,NA,NA,NA,NA,NA,9.8,NA,NA,NA,NA,NA,NA,NA,NA,NA,NA
23.13,Gpond,BullFrogTadpole,11/8/2021,ND,0.2093,ND,NA,NA,NA,NA,NA,NA,NA,NA,NA,NA,NA,NA,NA,NA,NA,NA,NA,NA,8.6,NA,NA,NA,NA,NA,NA,NA,NA,NA,NA
23.13,Gpond,BullFrogTadpole,11/8/2021,ND,0.2025,ND,NA,NA,NA,NA,NA,NA,NA,NA,NA,NA,NA,NA,NA,NA,NA,NA,NA,NA,4.9,NA,NA,NA,NA,NA,NA,NA,NA,NA,NA
23.13,Gpond,BullFrogTadpole,11/8/2021,ND,0.2037,ND,NA,NA,NA,NA,NA,NA,NA,NA,NA,NA,NA,NA,NA,NA,NA,NA,NA,NA,9.8,NA,NA,NA,NA,NA,NA,NA,NA,NA,NA
23.13,Gpond,BullFrogTadpole,11/8/2021,ND,0.2044,ND,NA,NA,NA,NA,NA,NA,NA,NA,NA,NA,NA,NA,NA,NA,NA,NA,NA,NA,4.9,NA,NA,NA,NA,NA,NA,NA,NA,NA,NA
23.13,Jcpond,BullFrogTadpole,11/8/2021,ND,0.2085,ND,NA,NA,NA,NA,NA,NA,NA,NA,NA,21.7,NA,NA,NA,NA,NA,NA,10,NA,NA,NA,7.4,8.9,NA,NA,NA,NA,NA,NA,NA
23.13,Jcpond,BullFrogTadpole,11/8/2021,ND,0.2,ND,NA,NA,NA,NA,NA,NA,NA,NA,NA,33.3,NA,NA,NA,NA,NA,NA,7.9,NA,NA,NA,7.4,7.4,NA,NA,NA,NA,NA,NA,NA
23.13,Jcpond,BullFrogTadpole,11/8/2021,ND,0.2085,ND,NA,NA,NA,NA,NA,NA,NA,NA,NA,19.1,NA,NA,NA,NA,NA,NA,5.2,NA,NA,NA,4.4,6.7,NA,NA,NA,NA,NA,NA,NA
2.52,Kpond,BullFrogTadpole,11/2/2023, pre-25 ,0.1919,79.04,11.46,55.4,NA,NA,NA,NA,NA,NA,NA,14.7,NA,NA,,NA,24.7,NA,,NA,,1.6,,23.3,NA,NA,NA,NA,NA,NA,
9.06,Npond,BullFrogTadpole,10/26/2023, pre-25 ,0.0792,86.8,13.89,NA,NA,NA,NA,NA,NA,NA,NA,NA,NA,NA,,NA,NA,NA,,NA,,NA,,NA,NA,11.2,59.6,NA,NA,NA,
9.06,Npond,BullFrogTadpole,10/26/2023, pre-25 ,0.1151,78.45,11.29,NA,NA,NA,NA,NA,NA,NA,NA,18.2,NA,NA,,NA,NA,NA,,NA,,NA,,NA,NA,8.7,62.1,NA,NA,NA,
9.06,Npond,BullFrogTadpole,10/26/2023, pre-25 ,0.1464,77.85,16.39,NA,NA,NA,NA,NA,NA,NA,NA,4.9,NA,NA,,NA,NA,NA,,NA,,NA,,NA,NA,8.2,57.8,NA,NA,NA,
9.97,NGpond_p2,BullFrogTadpole,11/16/2023,30,0.215,83.66,17.21,NA,NA,NA,NA,NA,NA,NA,NA,1.3,NA,NA,,NA,4.1,NA,,NA,,3.3,,5.1,NA,NA,NA,NA,NA,1.7,
9.97,NGpond_p2,BullFrogTadpole,11/16/2023, P25 ,0.2009,78.79,5.97,NA,NA,NA,NA,NA,NA,NA,NA,1.1,NA,NA,,NA,7.3,NA,,NA,,3.4,,9.9,NA,NA,NA,NA,NA,NA,
9.97,NGpond_p2,BullFrogTadpole,11/16/2023, P25 ,0.185,76.94,6.49,NA,NA,NA,NA,NA,NA,NA,NA,1.7,NA,NA,,NA,6,NA,,NA,,2.7,,7.3,NA,NA,NA,NA,NA,NA,
9.97,NGpond_p2,BullFrogTadpole,11/16/2023, P25 ,0.2148,80,6.52,NA,NA,NA,NA,NA,NA,NA,NA,1.2,NA,NA,,NA,3.8,NA,,NA,,2.2,,5.3,NA,NA,NA,NA,NA,NA,
9.97,NGpond_p2,BullFrogTadpole,11/16/2023, P25 ,0.1098,74.81,7.29,NA,NA,NA,NA,NA,NA,NA,NA,NA,NA,NA,,NA,3.9,NA,,NA,,1.9,,2.9,NA,NA,NA,NA,NA,NA,
2.52,Kpond,BullFrogTadpole,11/2/2023, pre-25 ,0.2254,78.13,11.54,13.9,NA,NA,NA,NA,NA,1.4,NA,13.5,NA,NA,,NA,59.9,NA,,NA,,2.8,,50.5,NA,NA,NA,NA,1.1,6.1,
2.52,Kpond,BullFrogTadpole,11/2/2023,36,0.2067,77.81,14.03,131.3,NA,NA,NA,NA,NA,NA,NA,10.1,NA,NA,,NA,61.7,NA,,NA,,2.7,,29.9,NA,NA,NA,NA,NA,7.8,
2.52,Kpond,BullFrogTadpole,11/2/2023, pre-25 ,0.2019,65.22,4.95,9.3,NA,NA,NA,NA,NA,NA,NA,3.8,NA,NA,,NA,8.8,NA,,NA,,NA,,8,NA,NA,NA,NA,NA,2,
2.52,Kpond,BullFrogTadpole,11/2/2023,39,0.2133,79.33,13.6,10.1,NA,NA,NA,NA,NA,2.3,NA,30.6,NA,NA,,NA,64.7,NA,,NA,,4.4,,48.4,NA,NA,NA,NA,3.2,20,
2.52,Kpond,BullFrogTadpole,11/2/2023,41,0.1857,80.12,7.54,5.7,NA,NA,NA,NA,NA,NA,NA,1.8,NA,NA,,NA,5.6,NA,,NA,,NA,,6.7,NA,NA,NA,NA,NA,4.4,
2.52,Kpond,BullFrogTadpole,11/2/2023,37,0.2282,79.93,16.65,15.9,NA,NA,NA,NA,NA,0.9,NA,12.6,NA,NA,,NA,40.3,NA,,NA,,1.7,,27.6,NA,NA,NA,NA,1,21.6,
2.52,Kpond,BullFrogTadpole,11/2/2023,33,0.2102,79.62,12.37,15.4,NA,NA,NA,NA,NA,1.4,NA,18,NA,NA,,NA,66.4,NA,,NA,,3.2,,59.7,NA,NA,NA,NA,1.2,11.1,
7.91,Npond,BullFrogTadpole,11/15/2023,35,0.201,79.2,10.95,NA,NA,NA,NA,NA,NA,NA,NA,NA,NA,NA,,NA,NA,NA,,NA,,NA,,NA,NA,10.4,53.6,NA,NA,NA,
7.91,Npond,BullFrogTadpole,11/15/2023,36,0.2009,68.19,8.96,NA,NA,NA,NA,NA,NA,NA,NA,NA,NA,NA,,NA,NA,NA,,NA,,NA,,NA,NA,4.1,26.4,NA,NA,NA,
7.91,Npond,BullFrogTadpole,11/15/2023,33,0.2005,81.62,11.47,NA,NA,NA,NA,NA,NA,NA,NA,7.9,NA,NA,,NA,NA,NA,,NA,,1.6,,NA,NA,5.1,30,NA,1.3,NA,
7.91,Npond,BullFrogTadpole,11/15/2023,34,0.2007,74.15,14.45,NA,NA,NA,NA,NA,NA,NA,NA,NA,NA,NA,,NA,NA,NA,,NA,,NA,,NA,NA,5.7,41.4,NA,NA,NA,
7.91,Npond,BullFrogTadpole,11/15/2023,37,0.2011,78.05,15.91,NA,NA,NA,NA,NA,NA,NA,NA,1.8,NA,NA,,NA,NA,NA,,NA,,NA,,NA,NA,12,69.9,NA,1.6,NA,
9.06,Npond,BullFrogTadpole,10/26/2023, pre-25 ,0.192,75.31,12.5,NA,NA,NA,NA,NA,NA,NA,NA,1.5,NA,NA,,NA,NA,NA,,NA,,NA,,NA,NA,4.3,28.5,NA,NA,NA,
9.06,Npond,BullFrogTadpole,10/26/2023, pre-25 ,0.206,72.68,16.02,NA,NA,NA,NA,NA,NA,NA,NA,4.8,NA,NA,,NA,NA,NA,,NA,,NA,,NA,NA,5,33.7,NA,1.6,NA,
7.91,Npond,BullFrogTadpole,11/15/2023,37,0.2181,78.24,8.25,NA,NA,NA,NA,NA,NA,NA,NA,NA,NA,NA,,NA,NA,NA,,NA,,NA,,NA,NA,6.6,35.8,NA,NA,NA,
9.97,NGpond_p1,BullFrogTadpole,11/16/2023,37,0.2182,78.89,8.25,NA,NA,NA,NA,NA,NA,NA,NA,1.5,NA,NA,,NA,4.7,NA,,NA,,2.3,,NA,NA,NA,NA,NA,2.1,3.6,
9.97,NGpond_p1,BullFrogTadpole,11/16/2023,37,0.2134,83.03,7.97,NA,NA,NA,NA,NA,NA,NA,NA,1.9,NA,NA,,NA,2.4,NA,,NA,,3,,NA,NA,NA,NA,NA,NA,NA,
9.97,NGpond_p1,BullFrogTadpole,11/16/2023,37,0.2179,82.24,9.18,NA,NA,NA,NA,NA,NA,NA,2.3,NA,NA,NA,,NA,1.7,NA,,NA,,1.3,,NA,NA,NA,NA,NA,NA,3.1,
9.97,NGpond_p1,BullFrogTadpole,11/16/2023,37,0.2048,79.41,10.25,NA,NA,NA,NA,NA,NA,NA,2.9,NA,NA,NA,,NA,1.5,NA,,NA,,1.6,,NA,NA,NA,NA,NA,NA,1.6,
9.97,NGpond_p1,BullFrogTadpole,11/16/2023,36,0.2061,76.22,5.82,NA,NA,NA,NA,NA,NA,NA,NA,NA,NA,NA,,NA,NA,NA,,NA,,NA,,NA,NA,NA,NA,NA,NA,NA,
9.97,NGpond_p1,BullFrogTadpole,11/16/2023,37,0.2236,83.09,13.86,NA,NA,NA,NA,NA,NA,NA,3.6,NA,NA,NA,,NA,NA,NA,,NA,,NA,,NA,NA,NA,1.9,NA,NA,4.8,
9.97,NGpond_p1,BullFrogTadpole,11/16/2023,33,0.2107,83.29,7.59,NA,NA,NA,NA,NA,NA,NA,NA,NA,NA,NA,,NA,NA,NA,,NA,,1.7,,NA,NA,NA,NA,NA,NA,10.1,
9.97,NGpond_p1,BullFrogTadpole,11/16/2023,37,0.1961,81.5,8.67,NA,NA,7.4,NA,NA,NA,NA,NA,NA,NA,NA,,NA,2,NA,,NA,,3.2,,NA,NA,NA,NA,NA,NA,0.8,
9.97,NGpond_p1,BullFrogTadpole,11/16/2023,38,0.2031,83.98,14.28,NA,NA,NA,NA,NA,NA,NA,2.4,NA,NA,NA,,NA,NA,NA,,NA,,2.3,,NA,NA,NA,1.3,NA,NA,9.2,
9.97,NGpond_p1,BullFrogTadpole,11/16/2023,38,0.2219,80.46,14.87,NA,NA,NA,NA,NA,NA,NA,NA,NA,NA,NA,,NA,3,NA,,NA,,3,,NA,NA,NA,2.2,NA,NA,NA,
19.01,NGpond,BullFrogTadpole,5/29/2024,37,0.2126,83.52,7.06,NA,NA,NA,NA,NA,NA,NA,3.4,2.1,NA,NA,,NA,NA,0.9,,NA,,3.5,,NA,NA,NA,NA,NA,NA,2.5,
19.01,NGpond,BullFrogTadpole,5/29/2024,37,0.183,80.95,11.48,NA,NA,NA,NA,NA,NA,NA,2.8,2.5,NA,NA,,NA,NA,3.2,,NA,,3.7,,NA,NA,NA,NA,NA,NA,1.7,
19.01,NGpond,BullFrogTadpole,5/29/2024,38,0.2071,81.92,9.17,NA,NA,NA,NA,NA,NA,NA,2.1,2,NA,NA,,NA,NA,1.2,,NA,,2.3,,NA,NA,NA,NA,NA,NA,1.4,
19.01,NGpond,BullFrogTadpole,5/29/2024,37,0.2085,78.27,9.59,NA,NA,NA,NA,NA,NA,NA,2.4,NA,NA,NA,,NA,NA,2.5,,NA,,2,,NA,NA,NA,NA,NA,NA,1.7,
19.01,NGpond,BullFrogTadpole,5/29/2024,37,0.2207,81.15,7.7,NA,NA,NA,NA,NA,NA,NA,2.1,1,NA,NA,,NA,NA,2.8,,NA,,2.8,,NA,NA,NA,NA,NA,NA,NA,
19.01,NGpond,BullFrogTadpole,5/29/2024,P27,0.2091,79.33,1.91,NA,NA,NA,NA,NA,NA,NA,1.8,1.7,NA,NA,,NA,NA,NA,,NA,,2.8,,NA,NA,NA,NA,NA,NA,1.7,
19.01,NGpond,BullFrogTadpole,5/29/2024,35,0.2118,78.58,8.5,NA,NA,NA,NA,NA,NA,NA,3.5,2.2,NA,NA,,NA,NA,3.4,,NA,,3.6,,NA,NA,NA,NA,NA,NA,4.6,
19.01,NGpond,BullFrogTadpole,5/29/2024,37,0.2022,79.38,7.42,NA,NA,NA,NA,NA,NA,NA,4.8,NA,NA,NA,,NA,NA,3.8,,NA,,2.3,,NA,NA,NA,NA,NA,NA,1.9,
19.01,NGpond,BullFrogTadpole,5/29/2024,35,0.22,80.33,9.55,NA,NA,NA,NA,NA,NA,NA,2.2,NA,NA,NA,,NA,NA,1.4,,NA,,3.1,,NA,NA,NA,NA,NA,NA,2.2,
19.01,NGpond,BullFrogTadpole,5/29/2024,37,0.2004,79.45,4.99,NA,NA,NA,NA,NA,NA,NA,2.3,1.2,NA,NA,,NA,NA,NA,,NA,,2.6,,NA,NA,NA,NA,NA,NA,NA,
20.08,Zpond,BullFrogTadpole,5/30/2024,36,0.1998,85.55,10.01,NA,NA,NA,NA,NA,NA,NA,NA,2.9,NA,NA,,3.7,NA,NA,,NA,,3.5,,NA,NA,NA,NA,NA,NA,NA,
20.08,Zpond,BullFrogTadpole,5/30/2024,36,0.2055,83.62,8.76,NA,NA,NA,NA,NA,NA,NA,NA,1.3,NA,NA,,4.7,NA,NA,,NA,,2.5,,NA,NA,NA,NA,NA,NA,NA,
20.08,Zpond,BullFrogTadpole,5/30/2024,35,0.1964,85.54,10.69,NA,NA,NA,NA,NA,NA,NA,NA,3.9,NA,NA,,4.1,NA,NA,,NA,,4,,NA,NA,NA,NA,NA,NA,NA,
20.08,Zpond,BullFrogTadpole,5/30/2024,35,0.1966,84.16,5.6,NA,NA,NA,NA,NA,NA,NA,NA,2.9,NA,NA,,4.1,NA,NA,,NA,,3.6,,NA,NA,NA,NA,NA,NA,NA,
20.08,Zpond,BullFrogTadpole,5/30/2024,34,0.1966,85.84,11.19,NA,NA,NA,NA,NA,NA,NA,NA,4.1,NA,NA,,5.2,NA,NA,,NA,,5.9,,NA,NA,NA,NA,NA,NA,NA,
18.86,Npond,BullFrogTadpole,5/24/2024,P27,0.126,79.6,5.56,NA,2.3,NA,NA,NA,NA,NA,NA,12.3,NA,16.8,,NA,14.2,5.6,,NA,,NA,,NA,5.1,7.1,14.5,2.2,NA,NA,
18.86,Npond,BullFrogTadpole,5/24/2024,P27,0.1995,80.94,6.02,NA,6.2,NA,NA,NA,NA,NA,NA,6.7,NA,30.2,,NA,7.7,9.5,,3.7,,NA,,NA,6,17.2,22.3,4.2,NA,NA,
18.86,Npond,BullFrogTadpole,5/24/2024,P27,0.1968,84.95,12.7,NA,7.2,NA,NA,NA,NA,NA,NA,7.4,NA,30.9,,NA,9.3,10.7,,8.1,,NA,,NA,9.2,14.4,34.4,4.9,NA,NA,
18.86,Npond,BullFrogTadpole,5/24/2024,P27,0.182,84.07,9.34,NA,4.4,NA,NA,NA,NA,NA,NA,9.3,NA,20.3,,NA,11,7,,NA,,NA,,NA,11.8,7.6,24.6,8.4,NA,NA,
18.86,Npond,BullFrogTadpole,5/24/2024,P27,0.2111,81.93,9.47,NA,6.3,NA,NA,NA,NA,NA,NA,7.4,NA,21.5,,NA,10.8,5.3,,3,,NA,,NA,5.7,9,23.5,1.4,NA,NA,
18.86,Npond,BullFrogTadpole,5/24/2024,P27,0.2058,79.43,5.83,NA,6.6,NA,NA,NA,NA,NA,NA,9.9,NA,34.7,,NA,10.4,12.4,,4.7,,NA,,NA,3.1,24.5,53.5,4.7,NA,NA,
18.86,Npond,BullFrogTadpole,5/24/2024,35,0.1948,81.04,10.27,4.5,16.7,NA,NA,NA,NA,NA,NA,4.4,NA,58.9,,NA,4.5,28,,5.6,,NA,,NA,NA,22.7,52.7,2.3,NA,NA,
18.86,Npond,BullFrogTadpole,5/24/2024,34,0.2069,82.14,9.67,3.2,11.1,NA,NA,NA,NA,NA,NA,4.9,NA,34.2,,NA,3.9,16.9,,4.8,,NA,,NA,NA,15.4,40.9,2.7,NA,NA,
18.86,Npond,BullFrogTadpole,5/24/2024,P27,0.2078,81.94,9.62,NA,8.5,NA,NA,NA,NA,NA,NA,5,NA,37.1,,NA,6.3,14.1,,3,,NA,,NA,NA,24,47.8,6.2,NA,NA,
20.85,Kpond,BullFrogTadpole,6/5/2024,P27,0.2072,85.89,13.03,7.9,18.9,NA,NA,14.8,NA,NA,NA,22.2,NA,NA,,NA,47.8,37.7,,NA,,1.7,,8.8,NA,NA,NA,NA,NA,1.1,
20.85,Kpond,BullFrogTadpole,6/5/2024,28,0.2057,85.66,11.67,6.2,20.8,NA,NA,20,NA,NA,NA,45.8,NA,NA,,NA,21.2,36.4,,NA,,1.8,,8.3,NA,NA,NA,NA,NA,1.6,
20.85,Kpond,BullFrogTadpole,6/5/2024,37,0.2035,85.62,6.88,8.8,23.5,NA,NA,13.2,NA,NA,NA,42.4,NA,NA,,NA,33.4,46.1,,NA,,2.3,,11,NA,NA,NA,NA,NA,3.2,
20.85,Kpond,BullFrogTadpole,6/5/2024,P27,0.2058,84.87,13.61,6.2,22,NA,NA,18.1,NA,NA,NA,35.9,NA,NA,,NA,39.4,46.9,,NA,,3.2,,13.2,NA,NA,NA,NA,NA,3.6,
20.85,Kpond,BullFrogTadpole,6/5/2024,P27,0.2018,85.09,11.89,3.7,19.6,NA,NA,19.6,NA,NA,NA,37.2,NA,NA,,NA,48.5,32.5,,NA,,1.9,,11.7,NA,NA,NA,NA,NA,6.8,
18.86,Npond,BullFrogTadpole,5/24/2024,P27,0.2014,82.84,6.95,NA,8.1,NA,NA,NA,NA,NA,NA,4.4,NA,27.4,,NA,4.5,13.8,,6.1,,NA,,NA,NA,12.8,27.5,4.9,NA,NA,
18.86,Kpond,BullFrogTadpole,5/24/2024,P27,0.2074,85.79,4.82,7.6,16,NA,NA,84,NA,NA,NA,46.7,NA,NA,,NA,79.5,42.4,,NA,,2.7,,19.8,NA,NA,NA,NA,NA,12.1,
20.85,Kpond,BullFrogTadpole,6/5/2024,P28,0.2081,85.54,12.01,NA,24.1,NA,NA,17.4,NA,NA,NA,40.9,NA,NA,,NA,34.9,46.4,,NA,,2,,9.8,NA,NA,NA,NA,NA,9.3,
29.35,Npond,Native Tadpole,6/14/2022,ND,0.0449,82.43,6.68,NA,NA,NA,NA,NA,16.2,NA,NA,NA,NA,NA,,NA,NA,NA,,NA,,NA,,NA,NA,NA,6.4,NA,NA,NA,
29.35,Npond,Native Tadpole,6/14/2022,ND,0.0405,82.11,NA,NA,NA,NA,NA,NA,8.3,NA,NA,NA,NA,NA,,NA,NA,NA,,NA,,NA,,NA,NA,NA,5.4,NA,NA,NA,
29.35,Npond,Native Tadpole,6/14/2022,ND,0.0305,81.32,NA,NA,NA,NA,NA,NA,24.6,NA,NA,NA,NA,NA,,NA,NA,NA,,NA,,NA,,NA,NA,NA,NA,NA,NA,NA,
29.35,Npond,Native Tadpole,6/14/2022,ND,0.0515,80.37,NA,NA,NA,NA,NA,NA,11.5,NA,NA,NA,NA,NA,,NA,NA,NA,,NA,,NA,,NA,NA,NA,4.5,NA,NA,NA,
29.35,Npond,Native Tadpole,6/14/2022,ND,0.0406,79.9,4.93,NA,NA,NA,NA,NA,20.1,NA,NA,NA,NA,NA,,NA,NA,NA,,NA,,NA,,NA,NA,NA,6.9,NA,NA,NA,
29.35,Npond,Native Tadpole,6/14/2022,ND,0.0507,81.85,NA,NA,NA,NA,NA,NA,5.8,NA,NA,NA,NA,NA,,NA,NA,NA,,NA,,NA,,NA,NA,NA,6,NA,NA,NA,
29.35,Npond,Native Tadpole,6/14/2022,ND,0.0407,84.67,NA,NA,NA,NA,NA,NA,9.9,NA,NA,NA,NA,NA,,NA,NA,NA,,NA,,NA,,NA,NA,NA,6.7,NA,NA,NA,
29.35,Npond,Native Tadpole,6/14/2022,ND,0.0501,79.16,NA,NA,NA,NA,NA,NA,4,NA,NA,NA,NA,NA,,NA,NA,NA,,NA,,NA,,NA,NA,NA,4.3,NA,NA,NA,
29.35,Npond,Native Tadpole,6/14/2022,ND,0.0446,77.92,2.24,NA,NA,NA,NA,NA,15.5,NA,NA,NA,NA,NA,,NA,NA,NA,,NA,,NA,,NA,NA,NA,NA,NA,NA,NA,
23.82,ENREC 2,Native Tadpole,6/15/2022,ND,0.0641,4.8,1.56,NA,NA,NA,NA,NA,NA,NA,NA,NA,NA,NA,,NA,4.3,6.3,,NA,,NA,,3.2,NA,NA,3.6,NA,NA,NA,
23.82,ENREC 2,Native Tadpole,6/15/2022,ND,0.0888,5.89,NA,NA,NA,NA,NA,NA,NA,NA,NA,NA,NA,NA,,NA,6.1,6,,NA,,NA,,2.7,NA,NA,NA,NA,NA,NA,
23.82,ENREC 2,Native Tadpole,6/15/2022,ND,0.0685,3.81,4.38,NA,4.7,NA,NA,NA,NA,NA,NA,NA,NA,NA,,NA,13,14.5,,NA,,NA,,4.1,NA,NA,NA,NA,NA,NA,
23.82,ENREC 2,Native Tadpole,6/15/2022,ND,0.0594,9.35,1.68,NA,9.4,NA,NA,NA,NA,NA,NA,NA,NA,NA,,NA,19.5,34,,NA,,NA,,8.2,NA,NA,NA,NA,NA,NA,
23.82,ENREC 2,Native Tadpole,6/15/2022,ND,0.0328,9.04,3.05,NA,38.5,NA,11.9,NA,NA,NA,NA,12.2,NA,NA,,NA,112.7,123.8,,NA,,NA,,42.6,NA,NA,NA,NA,NA,NA,
23.82,ENREC 2,Native Tadpole,6/15/2022,ND,0.0562,7.46,3.56,NA,9.3,NA,3.6,NA,NA,NA,NA,NA,NA,NA,,NA,29,37.7,,NA,,NA,,11.3,NA,NA,NA,NA,NA,NA,
23.82,ENREC 2,Native Tadpole,6/15/2022,ND,0.0799,6.41,2.5,NA,11.6,NA,3,NA,NA,NA,NA,2.4,NA,NA,,NA,34.3,44.3,,NA,,NA,,10.8,NA,NA,NA,NA,NA,NA,
23.82,ENREC 2,Native Tadpole,6/15/2022,ND,0.0525,4.41,1.9,NA,NA,NA,NA,NA,NA,NA,NA,NA,NA,NA,,NA,6.3,9.2,,NA,,NA,,NA,NA,NA,NA,NA,NA,NA,
10.62,Npond,Native Tadpole,5/25/2023,ND,0.0345,8.47,2.9,NA,NA,NA,NA,NA,NA,NA,NA,NA,NA,NA,,NA,NA,NA,,NA,,NA,,NA,NA,NA,NA,NA,NA,NA,
10.62,Npond,Native Tadpole,5/25/2023,ND,0.1455,56.37,1.37,NA,NA,NA,NA,NA,13.2,NA,NA,NA,NA,NA,,NA,NA,NA,,NA,,NA,,NA,NA,NA,2.2,NA,NA,NA,
10.62,Npond,Native Tadpole,5/25/2023,ND,0.2816,42.07,NA,NA,NA,NA,NA,NA,1.7,NA,NA,NA,NA,NA,,NA,NA,NA,,NA,,NA,,NA,NA,NA,NA,NA,NA,NA,
10.62,Npond,Native Tadpole,5/25/2023,ND,0.4724,28.82,0.42,NA,NA,NA,NA,NA,1.4,NA,NA,NA,NA,NA,,NA,NA,NA,,NA,,NA,,NA,NA,NA,NA,NA,NA,NA,
25.4,ENREC 2,Native Tadpole,6/22/2023,p31,0.0123,83.6,8.13,NA,NA,NA,NA,NA,NA,NA,NA,NA,NA,NA,,NA,140.6,NA,,NA,,NA,,85.5,NA,NA,NA,NA,NA,NA,
25.4,ENREC 2,Native Tadpole,6/22/2023,p27,0.0053,87.59,NA,NA,NA,NA,NA,NA,NA,NA,NA,NA,NA,NA,,NA,180.4,NA,,NA,,NA,,72.6,NA,NA,NA,NA,NA,NA,
25.4,ENREC 2,Native Tadpole,6/22/2023,p27,0.0052,88.96,19.23,NA,NA,NA,NA,NA,NA,NA,NA,NA,NA,NA,,NA,91,NA,,NA,,NA,,37.8,NA,NA,NA,NA,NA,NA,
25.4,ENREC 2,Native Tadpole,6/22/2023,p27,0.0101,86.09,9.9,NA,NA,NA,NA,NA,NA,NA,NA,NA,NA,NA,,NA,142.2,NA,,NA,,NA,,70,NA,NA,NA,NA,NA,NA,
25.4,ENREC 2,Native Tadpole,6/22/2023,p27,0.008,79.9,NA,NA,NA,NA,NA,NA,NA,NA,NA,NA,NA,NA,,NA,102.7,NA,,NA,,NA,,60.4,NA,NA,NA,NA,NA,NA,
25.4,ENREC 2,Native Tadpole,6/22/2023,p27,0.011,84.26,54.55,NA,NA,NA,NA,NA,NA,NA,NA,NA,NA,NA,,NA,120,NA,,NA,,NA,,70.9,NA,NA,NA,NA,NA,NA,
25.4,ENREC 2,Native Tadpole,6/22/2023,p27,0.0108,83.23,37.04,NA,NA,NA,NA,NA,NA,NA,NA,NA,NA,NA,,NA,115.8,NA,,NA,,NA,,57.2,NA,NA,37.1,NA,NA,NA,
25.4,ENREC 2,Native Tadpole,6/22/2023,p27,0.0096,83.7,20.83,NA,NA,NA,NA,NA,NA,NA,NA,NA,NA,NA,,NA,115,NA,,NA,,NA,,80.7,NA,NA,NA,NA,NA,NA,
25.4,ENREC 2,Native Tadpole,6/22/2023,p27,0.0111,86.89,36.04,NA,NA,NA,NA,NA,NA,NA,NA,NA,NA,NA,,NA,122,NA,,NA,,19.9,,62.9,NA,NA,NA,NA,NA,NA,
25.4,ENREC 2,Native Tadpole,6/22/2023,p27,0.0115,81.89,17.39,NA,NA,NA,NA,NA,NA,NA,NA,NA,NA,NA,,NA,93.2,NA,,NA,,NA,,60.4,NA,NA,NA,NA,NA,NA,
25.4,Npond,Native Tadpole,5/24/2024,27-30,0.0046,96.2,86.96,NA,NA,NA,NA,NA,101.3,NA,NA,NA,NA,NA,,NA,66.8,NA,,NA,,NA,,NA,NA,NA,72.2,NA,NA,NA,
18.86,Npond,Native Tadpole,5/24/2024,27-30,0.0064,91.28,78.12,NA,NA,NA,NA,NA,84.1,NA,NA,NA,NA,NA,,NA,57.9,NA,,NA,,NA,,NA,NA,NA,53.9,NA,NA,NA,
18.86,Npond,Native Tadpole,5/24/2024,27-30,0.006,90.74,33.33,NA,NA,NA,NA,NA,105.5,NA,NA,NA,NA,NA,,NA,53.2,NA,,NA,,NA,,NA,NA,NA,53.2,NA,NA,NA,
18.86,Npond,Native Tadpole,5/24/2024,27-30,0.0064,88.45,93.75,NA,NA,NA,NA,NA,189.8,NA,NA,NA,NA,NA,,NA,NA,NA,,NA,,NA,,NA,NA,NA,76.1,NA,NA,NA,
18.86,Npond,Native Tadpole,5/24/2024,27-30,0.0065,91.37,92.31,NA,NA,NA,NA,NA,195.6,NA,NA,NA,NA,NA,,NA,NA,NA,,NA,,NA,,NA,NA,NA,44.2,NA,NA,NA,
18.86,Npond,Native Tadpole,5/24/2024,27-30,0.0077,88.23,38.96,NA,NA,NA,NA,NA,123.1,NA,NA,NA,NA,NA,,NA,NA,NA,,NA,,NA,,NA,NA,NA,58.2,NA,NA,NA,
18.86,Npond,Native Tadpole,5/24/2024,27-30,0.0079,89.25,12.66,NA,NA,NA,NA,NA,127.3,NA,NA,NA,NA,NA,,NA,NA,NA,,NA,,NA,,NA,NA,NA,36.2,NA,NA,NA,
22.03,ENREC 2,Native Tadpole,6/6/2024,37,0.0458,90.39,2.18,NA,19,NA,NA,NA,NA,NA,NA,26.7,15.8,NA,,NA,75.6,31.2,,NA,,NA,,28.2,NA,NA,NA,NA,NA,NA,
22.03,ENREC 2,Native Tadpole,6/6/2024,37,0.059,88.78,5.08,NA,13.5,NA,NA,NA,NA,NA,NA,18,NA,NA,,NA,66.1,21.2,,NA,,NA,,18.2,NA,NA,NA,NA,NA,NA,
22.03,ENREC 2,Native Tadpole,6/6/2024,38,0.0577,90.04,6.93,NA,17,NA,NA,NA,NA,NA,NA,18.9,NA,NA,,NA,63.7,36.3,,NA,,NA,,17.5,NA,NA,NA,NA,NA,NA,
22.03,ENREC 2,Native Tadpole,6/6/2024,36,0.0392,86.08,NA,NA,9,NA,NA,NA,NA,NA,NA,19.6,NA,NA,,NA,53,19.7,,NA,,NA,,14.6,NA,NA,NA,NA,NA,NA,
22.03,ENREC 2,Native Tadpole,6/6/2024,35,0.0214,91.74,NA,NA,10.2,NA,NA,NA,NA,NA,NA,29,NA,NA,,NA,41.7,26.8,,NA,,NA,,13,NA,NA,NA,NA,NA,NA,
22.03,ENREC 2,Native Tadpole,6/6/2024,37,0.0453,90.83,2.21,NA,8.7,NA,NA,NA,NA,NA,NA,10.2,22.6,NA,,NA,45,14,,NA,,NA,,12.9,NA,NA,NA,NA,NA,NA,
22.03,ENREC 2,Native Tadpole,6/6/2024,30,0.0223,89.03,NA,NA,13.3,NA,NA,NA,NA,NA,NA,18,42.3,NA,,NA,59.1,25,,NA,,NA,,21.3,NA,NA,10.3,NA,NA,NA,
22.03,ENREC 2,Native Tadpole,6/6/2024,30,0.0341,87.87,NA,NA,10.4,NA,NA,NA,NA,NA,NA,6.9,26,NA,,NA,51,24.4,,NA,,NA,,17.1,NA,NA,NA,NA,NA,NA,
22.03,ENREC 2,Native Tadpole,6/6/2024,34,0.0377,87.83,2.65,NA,10,NA,NA,NA,NA,NA,NA,18.1,NA,NA,,NA,63.3,20.5,,NA,,NA,,19.1,NA,NA,7.4,NA,NA,NA,
22.03,Kpond,Native Tadpole,6/6/2024,p27,0.0289,96.16,10.38,NA,35.2,NA,32.2,NA,36.7,NA,NA,44.8,NA,NA,,NA,123.4,134.2,,NA,,NA,,48.8,NA,NA,NA,NA,NA,NA,
22.03,Kpond,Native Tadpole,6/6/2024,p27,0.0213,95.57,4.69,NA,30.9,NA,17.8,NA,67.9,NA,NA,36.7,NA,NA,,NA,122.1,99.4,,NA,,NA,,38.4,NA,NA,NA,NA,NA,NA,
22.03,Kpond,Native Tadpole,6/6/2024,37,0.0384,92.55,15.62,NA,22.3,NA,NA,NA,43,NA,NA,32.4,NA,NA,,NA,44.1,52.9,,NA,,NA,,13.8,NA,NA,NA,NA,NA,NA,
22.03,Kpond,Native Tadpole,6/6/2024,39,0.0347,91.69,17.29,NA,27.1,NA,8.6,NA,50.4,NA,NA,22.1,NA,NA,,NA,38.7,68.2,,NA,,NA,,10.7,NA,NA,NA,NA,NA,NA,
20.66,Kpond,Native Tadpole,6/6/2024,p27,0.0359,94.75,11.14,NA,32.7,NA,15.2,NA,40.6,NA,NA,50.2,NA,NA,,NA,140.9,92.8,,NA,,NA,,58.2,NA,NA,NA,NA,NA,NA,
20.66,Kpond,Native Tadpole,6/6/2024,p27,0.0553,92.28,3.62,NA,12.3,NA,15,NA,30.3,NA,NA,36.6,NA,NA,,NA,37,48.7,,NA,,NA,,21.6,NA,NA,NA,NA,NA,NA,
20.66,Kpond,Native Tadpole,6/6/2024,26,0.0233,94.86,8.58,NA,24.2,NA,20.7,NA,66.9,NA,NA,40.4,NA,NA,,NA,103,64.3,,NA,,NA,,35.3,NA,NA,NA,NA,NA,NA,
20.66,Kpond,Native Tadpole,6/6/2024,37,0.0431,91.79,4.64,NA,15.5,NA,NA,NA,29.3,NA,NA,29.8,NA,NA,,NA,46.6,19.6,,NA,,NA,,11,NA,NA,NA,NA,NA,NA,
20.66,Kpond,Native Tadpole,6/6/2024,26,0.0202,95.69,19.8,NA,32.1,NA,26.6,NA,67.8,NA,NA,47.4,NA,NA,,NA,130.1,103.4,,NA,,NA,,34.8,NA,NA,NA,NA,NA,NA,
20.66,Kpond,Native Tadpole,6/6/2024,30,0.0399,94.67,10.03,NA,33.2,NA,23.3,NA,45.6,NA,NA,62.2,NA,NA,,NA,139.4,87.8,,NA,,NA,,38.8,NA,NA,NA,NA,NA,NA,
20.08,Zpond,Native Tadpole,5/30/2024,p27,0.0081,94.81,37.04,NA,NA,NA,NA,NA,200.8,NA,NA,NA,NA,NA,,NA,NA,NA,,NA,,NA,,NA,NA,NA,NA,NA,NA,NA,
20.08,Zpond,Native Tadpole,5/30/2024,p27,0.0041,94.38,97.56,NA,NA,NA,NA,NA,NA,NA,NA,NA,NA,NA,,NA,NA,NA,,NA,,NA,,NA,NA,NA,NA,NA,NA,NA,
20.08,Zpond,Native Tadpole,5/30/2024,p27,0.0091,92.92,54.95,NA,NA,NA,NA,NA,128,NA,NA,NA,NA,NA,,NA,NA,NA,,NA,,NA,,NA,NA,NA,NA,NA,NA,NA,
18.86,NGpond,Native Tadpole,5/24/2024,p27,0.002,94.9,50,NA,NA,NA,NA,NA,NA,NA,NA,NA,NA,NA,,NA,NA,NA,,NA,,NA,,NA,NA,NA,NA,NA,NA,NA,
18.86,NGpond,Native Tadpole,5/24/2024,p27,0.013,89.89,15.38,NA,NA,NA,NA,NA,NA,NA,NA,NA,NA,NA,,NA,NA,NA,,NA,,NA,,NA,NA,NA,NA,NA,NA,NA,
18.86,NGpond,Native Tadpole,5/24/2024,30,0.0221,84.18,4.52,NA,NA,NA,NA,NA,NA,NA,NA,NA,NA,NA,,NA,NA,NA,,NA,,NA,,NA,NA,NA,NA,NA,NA,NA,
18.86,NGpond,Native Tadpole,5/24/2024,30,0.0075,90.55,13.33,NA,NA,NA,NA,NA,NA,NA,NA,NA,NA,NA,,NA,NA,NA,,NA,,NA,,NA,NA,NA,NA,NA,NA,NA,
18.86,NGpond,Native Tadpole,5/24/2024,30,0.0035,94.78,85.71,NA,NA,NA,NA,NA,NA,NA,NA,NA,NA,NA,,NA,NA,NA,,NA,,NA,,NA,NA,NA,NA,NA,NA,NA,
18.86,NGpond,Native Tadpole,5/24/2024,33,0.0066,91.22,30.3,NA,NA,NA,NA,NA,NA,NA,NA,NA,NA,NA,,NA,NA,NA,,NA,,NA,,NA,NA,NA,NA,NA,NA,NA,
